index,score_phrase,title,url,platform,score,genre,editors_choice,release_year,release_month,release_day
16016.0,Painful,3D Classics: Urban Champion,/games/urban-champion/3ds-115243,Nintendo 3DS,2.5,Fighting,N,2011,8,18
6073.0,Okay,Advance Guardian Heroes,/games/advance-guardian-heroes/gba-676680,Game Boy Advance,6.0,Fighting,N,2004,9,14
513.0,Bad,Advanced Dungeons & Dragons: Iron & Blood -- Warriors of Ravenloft,/games/advanced-dungeons-dragons-iron-blood-warriors-of-ravenloft/ps-303,PlayStation,4.0,Fighting,N,1996,11,25
13451.0,Bad,Altered Beast,/games/altered-beast/arcade-706910,Arcade,4.0,Fighting,N,2009,9,28
17527.0,Good,AquaPazza,/games/aquapazza/ps3-20005454,PlayStation 3,7.0,Fighting,N,2013,12,18
10812.0,Great,Arcana Heart,/games/arcana-heart/ps2-949156,PlayStation 2,8.3,Fighting,N,2008,4,4
10148.0,Bad,Art of Fighting,/games/art-of-fighting/wii-963228,Wii,4.5,Fighting,N,2007,11,8
10104.0,Bad,Art of Fighting,/games/art-of-fighting/ng-5914,NeoGeo,4.5,Fighting,N,2007,11,8
11607.0,Mediocre,Art of Fighting 2,/games/art-of-fighting-2/ng-5912,NeoGeo,5.0,Fighting,N,2008,10,1
11609.0,Mediocre,Art of Fighting 2,/games/art-of-fighting-2/wii-14257295,Wii,5.0,Fighting,N,2008,10,1
10682.0,Good,Art of Fighting Anthology,/games/art-of-fighting-anthology/ps2-900031,PlayStation 2,7.0,Fighting,N,2008,2,19
4008.0,Good,Barbarian,/games/barbarian/xbox-479422,Xbox,7.4,Fighting,N,2002,7,31
3968.0,Good,Barbarian,/games/barbarian/ps2-16215,PlayStation 2,7.8,Fighting,N,2002,6,28
448.0,Good,Battle Arena Toshinden,/games/battle-arena-toshinden/ps-716,PlayStation,7.0,Fighting,N,1996,11,21
424.0,Okay,Battle Arena Toshinden 2,/games/battle-arena-toshinden-2/ps-451,PlayStation,6.0,Fighting,N,1996,11,21
689.0,Okay,Battle Arena Toshinden 3,/games/battle-arena-toshinden-3/ps-2022,PlayStation,6.3,Fighting,N,1997,6,25
485.0,Mediocre,Battle Arena Toshinden Remix,/games/battle-arena-toshinden-remix/saturn-195,Saturn,5.0,Fighting,N,1996,11,15
6455.0,Awful,Battle Assault 3 Featuring Mobile Suit Gundam SEED,/games/battle-assault-3-featuring-mobile-suit-gundam-seed/ps2-670305,PlayStation 2,3.5,Fighting,N,2004,12,6
11566.0,Okay,Battle Fantasia,/games/battle-fantasia/xbox-360-14246645,Xbox 360,6.5,Fighting,N,2008,9,16
12305.0,Okay,Battle of Giants: Dinosaurs,/games/battle-of-giants-dinosaurs/nds-14275463,Nintendo DS,6.7,Fighting,N,2008,12,18
14290.0,Good,Battle of Giants: Dinosaurs -- Fight For Survival,/games/battle-of-giants-dinosaurs/dsi-62614,Nintendo DSi,7.0,Fighting,N,2010,3,17
14289.0,Okay,Battle of Giants: Mutant Insects,/games/battle-of-giants-mutant-insects/nds-54427,Nintendo DS,6.0,Fighting,N,2010,3,17
260.0,Okay,Beatdown!,/games/beatdown/iphone-147890,iPhone,6.3,Fighting,N,2012,11,19
4194.0,Unbearable,Bikini Karate Babes,/games/bikini-karate-babes/pc-487785,PC,1.5,Fighting,N,2002,10,8
812.0,Okay,Bio F.R.E.A.K.S.,/games/bio-freaks/ps-2318,PlayStation,6.5,Fighting,N,1998,5,21
10415.0,Mediocre,Black Belt,/games/black-belt/sms-6075,Master System,5.0,Fighting,N,2008,1,11
13472.0,Good,Blades of Fury,/games/blades-of-fury/iphone-31199,iPhone,7.5,Fighting,N,2009,9,10
14923.0,Bad,BlayzBloo: Super Melee Brawlers Battle Royale,/games/blayzbloo-super-melee-brawlers-battle-royale/dsi-53885,Nintendo DSi,4.5,Fighting,N,2010,8,2
13142.0,Amazing,BlazBlue: Calamity Trigger,/games/blazblue/xbox-360-14345704,Xbox 360,9.4,Fighting,Y,2009,6,26
13146.0,Amazing,BlazBlue: Calamity Trigger,/games/blazblue/ps3-14345703,PlayStation 3,9.4,Fighting,Y,2009,6,26
13135.0,Amazing,BlazBlue: Calamity Trigger (Limited Edition),/games/blazblue/ps3-14246579,PlayStation 3,9.4,Fighting,Y,2009,6,26
13148.0,Amazing,BlazBlue: Calamity Trigger (Limited Edition),/games/blazblue/xbox-360-14246582,Xbox 360,9.4,Fighting,Y,2009,6,26
14328.0,Great,BlazBlue: Calamity Trigger Portable,/games/blazblue/psp-42504,PlayStation Portable,8.0,Fighting,N,2010,4,5
17643.0,Great,BlazBlue: Chrono Phantasma,/games/blazblue-chronophantasma/ps3-139265,PlayStation 3,8.5,Fighting,N,2014,3,27
17644.0,Great,BlazBlue: Chrono Phantasma,/games/blazblue-chronophantasma/vita-20012498,PlayStation Vita,8.5,Fighting,N,2014,3,27
14897.0,Great,BlazBlue: Continuum Shift,/games/blazblue-continuum-shift/xbox-360-60608,Xbox 360,8.5,Fighting,Y,2010,7,22
14725.0,Great,BlazBlue: Continuum Shift,/games/blazblue-continuum-shift/ps3-60606,PlayStation 3,8.5,Fighting,Y,2010,7,22
16583.0,Great,BlazBlue: Continuum Shift Extend,/games/blazblue-continuum-shift-extend/vita-85078,PlayStation Vita,8.5,Fighting,Y,2012,2,14
15791.0,Bad,BlazBlue: Continuum Shift II,/games/blazblue-continuum-shift-ii/3ds-97459,Nintendo 3DS,4.5,Fighting,N,2011,6,17
15790.0,Good,BlazBlue: Continuum Shift II,/games/blazblue-continuum-shift-ii/psp-95944,PlayStation Portable,7.5,Fighting,N,2011,6,17
11700.0,Great,Bleach: Dark Souls,/games/bleach-dark-souls/nds-842509,Nintendo DS,8.5,Fighting,Y,2008,10,9
10018.0,Okay,Bleach: Shattered Blade,/games/bleach-shattered-blade/wii-833630,Wii,6.3,Fighting,N,2007,10,23
15951.0,Good,Bleach: Soul Resurreccion,/games/bleach-soul-resurreccion/ps3-92176,PlayStation 3,7.0,Fighting,N,2011,7,28
755.0,Great,Bloody Roar,/games/bloody-roar/ps-2222,PlayStation,8.0,Fighting,N,1998,3,5
3221.0,Good,Bloody Roar 3,/games/bloody-roar-3/ps2-15395,PlayStation 2,7.9,Fighting,N,2001,6,26
5672.0,Okay,Bloody Roar 4,/games/bloody-roar-4/ps2-566892,PlayStation 2,6.0,Fighting,N,2004,3,8
4826.0,Good,Bloody Roar Extreme,/games/bloody-roar-extreme/xbox-498444,Xbox,7.3,Fighting,N,2003,5,27
1253.0,Great,Bloody Roar II: The New Breed,/games/bloody-roar-ii-the-new-breed/ps-10750,PlayStation,8.8,Fighting,Y,1999,6,3
3721.0,Good,Bloody Roar: Primal Fury,/games/bloody-roar-extreme/gcn-17156,GameCube,7.7,Fighting,N,2002,3,14
1821.0,Awful,Boombots,/games/boombots/ps-13397,PlayStation,3.5,Fighting,N,1999,12,3
7611.0,Good,Brady Bunch Kung-Fu,/games/brady-bunch-kung-fu/cell-748634,Wireless,7.5,Fighting,N,2005,12,8
14599.0,Great,Bruce Lee: Dragon Warrior HD,/games/bruce-lee-dragon-warrior/ipad-68522,iPad,8.3,Fighting,N,2010,6,4
3962.0,Awful,Bruce Lee: Quest of the Dragon,/games/bruce-lee-quest-of-the-dragon/xbox-478448,Xbox,3.9,Fighting,N,2002,7,2
12024.0,Awful,Brutal: Above the Claw,/games/brutal-above-the-claw/32x-7710,Sega 32X,3.0,Fighting,N,2008,11,19
701.0,Great,Bushido Blade,/games/bushido-blade/ps-464,PlayStation,8.7,Fighting,Y,1997,10,17
891.0,Good,Bushido Blade 2,/games/bushido-blade-2/ps-2333,PlayStation,7.0,Fighting,N,1998,10,28
6418.0,Okay,Capcom Fighting Evolution,/games/capcom-fighting-evolution/ps2-683099,PlayStation 2,6.8,Fighting,N,2004,11,16
6899.0,Okay,Capcom Fighting Evolution,/games/capcom-fighting-evolution/xbox-687826,Xbox,6.8,Fighting,N,2005,6,14
4140.0,Okay,Capcom vs. SNK 2 EO,/games/capcom-vs-snk-2-eo/gcn-479980,GameCube,6.6,Fighting,N,2002,9,27
4619.0,Great,Capcom vs. SNK 2 EO,/games/capcom-vs-snk-2-eo/xbox-489829,Xbox,8.6,Fighting,Y,2003,2,7
3379.0,Great,Capcom vs. SNK 2: Mark of the Millennium 2001,/games/capcom-vs-snk-2-fan/ps2-16519,PlayStation 2,8.4,Fighting,N,2001,11,6
2747.0,Great,Capcom vs. SNK: Millennium Fight 2000,/games/capcom-vs-snk-millennium-fight-2000/dc-15530,Dreamcast,8.8,Fighting,N,2000,11,13
4065.0,Great,Capcom vs. SNK: Millennium Fight 2000 Pro,/games/capcom-vs-snk-millennium-fight-2000-pro/ps-487780,PlayStation,8.2,Fighting,N,2002,8,7
924.0,Mediocre,Cardinal Syn,/games/cardinal-syn/ps-3965,PlayStation,5.5,Fighting,N,1998,10,23
12085.0,Good,Castlevania Judgment,/games/castlevania-judgment/wii-14262760,Wii,7.5,Fighting,N,2008,11,18
4954.0,Bad,Charlie's Angels,/games/charlies-angels/gcn-536044,GameCube,4.0,Fighting,N,2003,7,16
13090.0,Bad,ClayFighter,/games/clayfighter/gen-9146,Genesis,4.0,Fighting,N,2009,6,22
698.0,Awful,ClayFighter 63 1/3,/games/clayfighter-63-13/n64-1940,Nintendo 64,3.7,Fighting,N,1997,10,21
13065.0,Bad,ClayFighter [1994],/games/clayfighter/wii-14248834,Wii,4.0,Fighting,N,2009,6,22
12098.0,Awful,Cosmic Carnage,/games/cosmic-carnage/32x-5670,Sega 32X,3.0,Fighting,N,2008,11,21
5987.0,Good,Crimson Tears,/games/crimson-tears/ps2-606147,PlayStation 2,7.1,Fighting,N,2004,7,21
5207.0,Bad,"Crouching Tiger, Hidden Dragon",/games/crouching-tiger-hidden-dragon/ps2-16516,PlayStation 2,4.8,Fighting,N,2003,10,16
5545.0,Bad,"Crouching Tiger, Hidden Dragon",/games/crouching-tiger-hidden-dragon/xbox-568231,Xbox,4.8,Fighting,N,2004,2,2
654.0,Mediocre,Dark Rift,/games/dark-rift/n64-1954,Nintendo 64,5.4,Fighting,N,1997,7,10
1059.0,Great,Darkstalkers 3,/games/darkstalkers-3/ps-3949,PlayStation,8.0,Fighting,N,1998,11,24
6636.0,Good,Darkstalkers Chronicle: The Chaos Tower,/games/darkstalkers-chronicle-the-chaos-tower/psp-682971,PlayStation Portable,7.0,Fighting,N,2005,3,15
16947.0,Great,Darkstalkers Resurrection,/games/night-warriors-darkstalkers-revenge/xbox-360-145137,Xbox 360,8.4,Fighting,N,2013,3,29
16946.0,Great,Darkstalkers Resurrection,/games/night-warriors-darkstalkers-revenge/ps3-145134,PlayStation 3,8.4,Fighting,N,2013,3,29
481.0,Okay,Darkstalkers: The Night Warriors,/games/darkstalkers-the-night-warriors/ps-141,PlayStation,6.5,Fighting,N,1996,11,21
703.0,Great,Dead or Alive,/games/dead-or-alive-806438/ps-2306,PlayStation,8.5,Fighting,Y,1998,3,27
2617.0,Amazing,Dead or Alive 2,/games/dead-or-alive-2/dc-11026,Dreamcast,9.4,Fighting,N,2000,10,10
2556.0,Great,Dead or Alive 2: Hardcore,/games/dead-or-alive-2/ps2-15079,PlayStation 2,8.7,Fighting,N,2000,10,24
3425.0,Amazing,Dead or Alive 3,/games/dead-or-alive-3/xbox-16249,Xbox,9.4,Fighting,Y,2001,11,12
7558.0,Amazing,Dead or Alive 4,/games/dead-or-alive-4/xbox-360-545798,Xbox 360,9.0,Fighting,Y,2005,12,28
65.0,Great,Dead or Alive 5,/games/dead-or-alive-5/ps3-117918,PlayStation 3,8.8,Fighting,N,2012,9,25
66.0,Great,Dead or Alive 5,/games/dead-or-alive-5/xbox-360-866449,Xbox 360,8.8,Fighting,N,2012,9,25
18117.0,Good,Dead or Alive 5: Last Round,/games/dead-or-alive-5-last-round/xbox-one-20024059,Xbox One,7.0,Fighting,N,2015,2,24
18116.0,Good,Dead or Alive 5: Last Round,/games/dead-or-alive-5-last-round/ps4-20024058,PlayStation 4,7.0,Fighting,N,2015,2,24
15784.0,Great,Dead or Alive Dimensions,/games/dead-or-alive-dimensions/3ds-77758,Nintendo 3DS,8.0,Fighting,N,2011,5,20
6330.0,Amazing,Dead or Alive Ultimate,/games/dead-or-alive-806438/xbox-566556,Xbox,9.2,Fighting,Y,2004,10,26
15952.0,Good,Deadliest Warrior: Legends,/games/deadliest-warrior-ancient-combat/ps3-114104,PlayStation 3,7.0,Fighting,N,2011,7,26
15834.0,Good,Deadliest Warrior: Legends,/games/deadliest-warrior-ancient-combat/xbox-360-112852,Xbox 360,7.0,Fighting,N,2011,7,7
15226.0,Good,Deadliest Warrior: The Game,/games/deadliest-warrior-the-game/ps3-55065,PlayStation 3,7.0,Fighting,N,2010,11,3
14751.0,Good,Deadliest Warrior: The Game,/games/deadliest-warrior-the-game/xbox-360-55061,Xbox 360,7.0,Fighting,N,2010,7,16
871.0,Awful,Deadly Arts,/games/deadly-arts/n64-2172,Nintendo 64,3.2,Fighting,N,1998,10,19
6601.0,Mediocre,Death by Degrees,/games/death-by-degrees/ps2-605693,PlayStation 2,5.0,Fighting,N,2005,2,3
8210.0,Great,Def Jam Fight for NY: The Takeover,/games/def-jam-fight-for-ny-the-takeover/psp-767443,PlayStation Portable,8.1,Fighting,N,2006,8,25
8432.0,Okay,Def Jam: Fight for NY,/games/def-jam-fight-for-ny/cell-826072,Wireless,6.3,Fighting,N,2006,11,3
9033.0,Good,Def Jam: Icon,/games/def-jam-icon/xbox-360-752103,Xbox 360,7.0,Fighting,N,2007,3,6
9036.0,Okay,Def Jam: Icon,/games/def-jam-icon/ps3-766228,PlayStation 3,6.7,Fighting,N,2007,3,6
1085.0,Mediocre,Destrega,/games/destrega/ps-3838,PlayStation,5.5,Fighting,N,1999,2,9
6081.0,Good,Digimon Rumble Arena 2,/games/digimon-rumble-arena-2/ps2-639249,PlayStation 2,7.0,Fighting,N,2004,9,10
6079.0,Good,Digimon Rumble Arena 2,/games/digimon-rumble-arena-2/xbox-653927,Xbox,7.0,Fighting,N,2004,9,11
6078.0,Good,Digimon Rumble Arena 2,/games/digimon-rumble-arena-2/gcn-623741,GameCube,7.0,Fighting,N,2004,9,11
2311.0,Mediocre,Digimon World,/games/digimon-world/ps-11241,PlayStation,5.8,Fighting,N,2000,7,5
3103.0,Bad,Digimon World 2,/games/digimon-world-2/ps-16355,PlayStation,4.0,Fighting,N,2001,5,1
11356.0,Bad,Digimon World Championship,/games/digimon-world-championship/nds-14234868,Nintendo DS,4.5,Fighting,N,2008,8,26
4535.0,Okay,Digimon: BattleSpirit,/games/digimon-battlespirit/gba-496102,Game Boy Advance,6.5,Fighting,N,2003,1,30
5267.0,Good,Digimon: BattleSpirit 2,/games/digimon-battlespirit-2/gba-566939,Game Boy Advance,7.0,Fighting,N,2003,10,30
17221.0,Good,Divekick,/games/divekick/vita-157795,PlayStation Vita,7.0,Fighting,N,2013,9,5
17220.0,Good,Divekick,/games/divekick/ps3-157794,PlayStation 3,7.0,Fighting,N,2013,9,5
17219.0,Good,Divekick,/games/divekick/pc-138816,PC,7.0,Fighting,N,2013,9,5
1379.0,Mediocre,Double Dragon,/games/double-dragon/lynx-4138,Lynx,5.0,Fighting,N,1999,7,6
9229.0,Mediocre,Double Dragon,/games/double-dragon/xbox-360-867230,Xbox 360,5.6,Fighting,N,2007,5,9
10867.0,Good,Double Dragon,/games/double-dragon/wii-14247614,Wii,7.5,Fighting,N,2008,4,28
6859.0,Good,Double Dragon EX,/games/double-dragon-ex/cell-750495,Wireless,7.8,Fighting,N,2005,6,7
6.0,Awful,Double Dragon: Neon,/games/double-dragon-neon/xbox-360-131320,Xbox 360,3.0,Fighting,N,2012,9,11
8.0,Awful,Double Dragon: Neon,/games/double-dragon-neon/ps3-131321,PlayStation 3,3.0,Fighting,N,2012,9,11
668.0,Awful,Dragon Ball GT Final Bout,/games/dragon-ball-gt-final-bout/ps-2207,PlayStation,3.0,Fighting,N,1997,11,7
18079.0,Okay,Dragon Ball Xenoverse,/games/dragon-ball-xenoverse/xbox-one-20019916,Xbox One,6.7,Fighting,N,2015,3,5
4495.0,Okay,Dragon Ball Z Budokai,/games/dragon-ball-z-budokai/ps2-482267,PlayStation 2,6.2,Fighting,N,2002,12,1
5177.0,Okay,Dragon Ball Z Budokai,/games/dragon-ball-z-budokai/gcn-498846,GameCube,6.4,Fighting,N,2003,10,20
5444.0,Good,Dragon Ball Z Budokai 2,/games/dragon-ball-z-budokai-2/ps2-552483,PlayStation 2,7.4,Fighting,N,2003,12,2
6613.0,Good,Dragon Ball Z Budokai 2,/games/dragon-ball-z-budokai-2/gcn-702933,GameCube,7.5,Fighting,N,2005,2,2
6401.0,Great,Dragon Ball Z Budokai 3,/games/dragon-ball-z-budokai-3/ps2-679951,PlayStation 2,8.0,Fighting,N,2004,11,17
7190.0,Great,Dragon Ball Z Budokai Tenkaichi,/games/dragon-ball-z-budokai-tenkaichi/ps2-742303,PlayStation 2,8.2,Fighting,N,2005,10,13
8619.0,Great,Dragon Ball Z Budokai Tenkaichi 2,/games/dragon-ball-z-budokai-tenkaichi-2/wii-824078,Wii,8.3,Fighting,Y,2006,11,21
8621.0,Great,Dragon Ball Z Budokai Tenkaichi 2,/games/dragon-ball-z-budokai-tenkaichi-2/ps2-824079,PlayStation 2,8.3,Fighting,Y,2006,11,21
17547.0,Okay,Dragon Ball Z: Battle of Z,/games/dragon-ball-z-battle-of-z/vita-20001204,PlayStation Vita,6.6,Fighting,N,2014,2,5
17546.0,Okay,Dragon Ball Z: Battle of Z,/games/dragon-ball-z-battle-of-z/xbox-360-20001202,Xbox 360,6.6,Fighting,N,2014,2,5
17545.0,Okay,Dragon Ball Z: Battle of Z,/games/dragon-ball-z-battle-of-z/ps3-20001203,PlayStation 3,6.6,Fighting,N,2014,2,5
10448.0,Great,Dragon Ball Z: Budokai Tenkaichi 3,/games/dragon-ball-z-budokai-tenkaichi-3/ps2-907835,PlayStation 2,8.0,Fighting,N,2007,12,11
10447.0,Great,Dragon Ball Z: Budokai Tenkaichi 3,/games/dragon-ball-z-budokai-tenkaichi-3/wii-907834,Wii,8.0,Fighting,N,2007,12,11
11070.0,Good,Dragon Ball Z: Burst Limit,/games/dragon-ball-z-burst-limit/ps3-14224980,PlayStation 3,7.9,Fighting,N,2008,6,11
11099.0,Good,Dragon Ball Z: Burst Limit,/games/dragon-ball-z-burst-limit/xbox-360-14224981,Xbox 360,7.9,Fighting,N,2008,6,10
12060.0,Awful,Dragon Ball Z: Infinite World,/games/dragon-ball-z-infinite-world/ps2-14275116,PlayStation 2,3.5,Fighting,N,2008,11,18
7710.0,Good,Dragon Ball Z: Shin Budokai,/games/dragon-ball-z-shin-budokai/psp-704798,PlayStation Portable,7.0,Fighting,N,2006,3,7
9107.0,Good,Dragon Ball Z: Shin Budokai -- Another Road,/games/dragon-ball-z-shin-budokai-another-road/psp-882780,PlayStation Portable,7.0,Fighting,N,2007,4,3
5949.0,Good,Dragon Ball Z: Supersonic Warriors,/games/dragon-ball-z-supersonic-warriors/gba-667042,Game Boy Advance,7.5,Fighting,N,2004,6,22
5467.0,Bad,Dragon Ball Z: Taiketsu,/games/dragon-ball-z-taiketsu/gba-566985,Game Boy Advance,4.0,Fighting,N,2003,12,12
13920.0,Okay,Dragon Ball: Raging Blast,/games/dragon-ball-raging-blast/xbox-360-14351082,Xbox 360,6.2,Fighting,N,2009,11,10
13916.0,Okay,Dragon Ball: Raging Blast,/games/dragon-ball-raging-blast/ps3-14351079,PlayStation 3,6.2,Fighting,N,2009,11,10
15265.0,Mediocre,Dragon Ball: Raging Blast 2,/games/dragon-ball-raging-blast-2/xbox-360-73732,Xbox 360,5.5,Fighting,N,2010,11,2
15269.0,Mediocre,Dragon Ball: Raging Blast 2,/games/dragon-ball-raging-blast-2/ps3-73729,PlayStation 3,5.5,Fighting,N,2010,11,2
12809.0,Painful,Dragonball: Evolution,/games/dragonball-evolution/psp-14306097,PlayStation Portable,2.0,Fighting,N,2009,4,8
4258.0,Mediocre,Dual Blades,/games/dual-blades/gba-478855,Game Boy Advance,5.5,Fighting,N,2002,11,1
1012.0,Painful,Dual Heroes,/games/dual-heroes/n64-1964,Nintendo 64,2.8,Fighting,N,1998,11,9
658.0,Good,Dynasty Warriors,/games/dynasty-warriors-806701/ps-2047,PlayStation,7.8,Fighting,N,1997,6,27
15117.0,Okay,EA Sports MMA,/games/ea-sports-mma/iphone-61043,iPhone,6.5,Fighting,N,2010,10,21
14938.0,Great,EA Sports MMA,/games/ea-sports-mma/ps3-14354515,PlayStation 3,8.0,Fighting,N,2010,10,19
14934.0,Great,EA Sports MMA,/games/ea-sports-mma/xbox-360-14354512,Xbox 360,8.0,Fighting,N,2010,10,19
17721.0,Okay,EA Sports UFC,/games/ea-sports-ufc/xbox-one-169582,Xbox One,6.8,Fighting,N,2014,6,19
17722.0,Okay,EA Sports UFC,/games/ea-sports-ufc/ps4-169682,PlayStation 4,6.8,Fighting,N,2014,6,19
18494.0,Okay,EA Sports UFC 2,/games/ea-sports-ufc-2/ps4-20045717,PlayStation 4,6.4,Fighting,N,2016,3,17
18495.0,Okay,EA Sports UFC 2,/games/ea-sports-ufc-2/xbox-one-20045716,Xbox One,6.4,Fighting,N,2016,3,17
1232.0,Good,Ehrgeiz: God Bless the Ring,/games/ehrgeiz/ps-10902,PlayStation,7.5,Fighting,N,1999,5,5
10354.0,Okay,Eternal Champions,/games/eternal-champions/wii-14222076,Wii,6.0,Fighting,N,2008,1,3
10358.0,Okay,Eternal Champions,/games/eternal-champions/gen-6278,Genesis,6.0,Fighting,N,2008,1,3
1428.0,Bad,Evil Zone,/games/evil-zone/ps-11480,PlayStation,4.0,Fighting,N,1999,7,29
9846.0,Good,Fatal Fury,/games/fatal-fury/wii-963199,Wii,7.0,Fighting,N,2007,10,8
9837.0,Good,Fatal Fury,/games/fatal-fury/ng-7882,NeoGeo,7.0,Fighting,N,2007,10,8
11254.0,Good,Fatal Fury 2,/games/fatal-fury-2/wii-14260441,Wii,7.5,Fighting,N,2008,8,5
15059.0,Good,Fatal Fury 3: Road to the Final Victory,/games/fatal-fury-3-road-to-the-final-victory/wii-83544,Wii,7.5,Fighting,N,2010,10,11
14234.0,Great,Fatal Fury Special,/games/fatal-fury-special/wii-42026,Wii,8.0,Fighting,N,2010,3,9
9713.0,Okay,Fatal Fury Special,/games/fatal-fury-special/xbox-360-850335,Xbox 360,6.7,Fighting,N,2007,9,6
9627.0,Okay,Fatal Fury: Battle Archives Volume 1,/games/fatal-fury-battle-archives-volume-1/ps2-910056,PlayStation 2,6.8,Fighting,N,2007,8,16
10855.0,Good,Fatal Fury: Battle Archives Volume 2,/games/fatal-fury-battle-archives-volume-2/ps2-850346,PlayStation 2,7.0,Fighting,N,2008,4,21
1397.0,Good,Fatal Fury: First Contact,/games/fatal-fury-first-contact/ngpc-11933,NeoGeo Pocket Color,7.0,Fighting,N,1999,7,14
3551.0,Amazing,Fatal Fury: Mark of The Wolves,/games/fatal-fury-mark-of-the-wolves/dc-16258,Dreamcast,9.0,Fighting,Y,2001,12,11
13145.0,Good,Fatal Fury: Mark of the Wolves,/games/fatal-fury-mark-of-the-wolves/xbox-360-14342396,Xbox 360,7.8,Fighting,N,2009,6,26
1928.0,Bad,Fatal Fury: Wild Ambition,/games/fatal-fury-wild-ambition/ps-11987,PlayStation,4.0,Fighting,N,2000,1,3
13433.0,Great,Fate/Unlimited Codes,/games/fateunlimited-codes/psp-14322685,PlayStation Portable,8.2,Fighting,N,2009,9,4
6303.0,Bad,Fight Club,/games/fight-club/ps2-621137,PlayStation 2,4.5,Fighting,N,2004,11,15
6539.0,Okay,Fight Club,/games/fight-club/cell-726159,Wireless,6.3,Fighting,N,2005,1,22
6307.0,Bad,Fight Club,/games/fight-club/xbox-621141,Xbox,4.5,Fighting,N,2004,11,15
7658.0,Bad,Fight Club 3D,/games/fight-club/cell-757001,Wireless,4.1,Fighting,N,2006,2,2
2296.0,Okay,Fighter Destiny 2,/games/fighter-destiny-2/n64-11590,Nintendo 64,6.3,Fighting,N,2000,6,19
1297.0,Great,Fighter Maker,/games/fighter-maker/ps-3775,PlayStation,8.0,Fighting,N,1999,6,17
4381.0,Good,Fighter Maker 2,/games/fighter-maker-2/ps2-481760,PlayStation 2,7.5,Fighting,N,2002,11,18
17363.0,Painful,Fighter Within,/games/fighter-within/xbox-one-20004177,Xbox One,2.7,Fighting,N,2013,11,22
725.0,Great,Fighters Destiny,/games/fighters-destiny/n64-2168,Nintendo 64,8.0,Fighting,N,1998,1,27
15263.0,Awful,Fighters Uncaged,/games/fighters-uncaged/xbox-360-83921,Xbox 360,3.0,Fighting,N,2010,11,8
3650.0,Okay,Fighting Legends,/games/fighting-legends/pc-15448,PC,6.5,Fighting,N,2002,1,3
13956.0,Awful,Fighting Street,/games/fighting-street/wii-36002,Wii,3.0,Fighting,N,2009,12,16
2855.0,Okay,Fighting Vipers 2,/games/fighting-vipers-2/dc-9961,Dreamcast,6.5,Fighting,N,2001,1,22
16189.0,Okay,Final Fight,/games/final-fight/iphone-118089,iPhone,6.5,Fighting,N,2011,10,10
14393.0,Great,Final Fight: Double Impact,/games/final-fight-double-impact/xbox-360-53354,Xbox 360,8.8,Fighting,Y,2010,4,8
14395.0,Great,Final Fight: Double Impact,/games/final-fight-double-impact/ps3-53357,PlayStation 3,8.8,Fighting,Y,2010,4,8
7670.0,Awful,Final Fight: Streetwise,/games/final-fight-streetwise/xbox-748384,Xbox,3.5,Fighting,N,2006,2,28
7749.0,Awful,Final Fight: Streetwise,/games/final-fight-streetwise/ps2-748383,PlayStation 2,3.6,Fighting,N,2006,2,28
1097.0,Mediocre,Flying Dragon,/games/flying-dragon/n64-1913,Nintendo 64,5.0,Fighting,N,1999,2,4
11423.0,Good,Funky Punch,/games/funky-punch/cell-14277694,Wireless,7.0,Fighting,N,2008,9,3
13463.0,Mediocre,Funky Punch,/games/funky-punch/psp-27597,PlayStation Portable,5.5,Fighting,N,2009,10,1
2025.0,Amazing,Gals Fighters,/games/gals-fighters/ngpc-13579,NeoGeo Pocket Color,9.0,Fighting,N,2000,3,29
4729.0,Great,Godzilla: Destroy All Monsters Melee,/games/godzilla-destroy-all-monsters-melee/xbox-498289,Xbox,8.5,Fighting,Y,2003,4,15
4241.0,Great,Godzilla: Destroy All Monsters Melee,/games/godzilla-destroy-all-monsters-melee/gcn-479976,GameCube,8.4,Fighting,N,2002,10,8
4523.0,Mediocre,Godzilla: Domination,/games/godzilla-domination/gba-486837,Game Boy Advance,5.5,Fighting,N,2002,12,9
6270.0,Okay,Godzilla: Save the Earth,/games/godzilla-save-the-earth/ps2-678435,PlayStation 2,6.5,Fighting,N,2004,11,2
6302.0,Okay,Godzilla: Save the Earth,/games/godzilla-save-the-earth/xbox-678428,Xbox,6.5,Fighting,N,2004,11,15
10331.0,Bad,Godzilla: Unleashed,/games/godzilla-unleashed/ps2-952293,PlayStation 2,4.9,Fighting,N,2007,11,30
10569.0,Bad,Godzilla: Unleashed,/games/godzilla-unleashed/wii-881519,Wii,4.9,Fighting,N,2008,2,5
16220.0,Great,Guardian Heroes,/games/guardian-heroes-107667/xbox-360-107666,Xbox 360,8.5,Fighting,N,2011,10,13
1009.0,Great,Guilty Gear,/games/guilty-gear/ps-4034,PlayStation,8.0,Fighting,N,1998,11,11
7918.0,Okay,Guilty Gear Dust Strikers,/games/guilty-gear-dust-strikers/nds-746950,Nintendo DS,6.0,Fighting,N,2006,4,25
6254.0,Good,Guilty Gear Isuka,/games/guilty-gear-isuka/ps2-605425,PlayStation 2,7.2,Fighting,N,2004,11,4
8279.0,Good,Guilty Gear Judgment,/games/guilty-gear-xx-reload/psp-746951,PlayStation Portable,7.5,Fighting,N,2006,9,23
3319.0,Great,Guilty Gear X,/games/guilty-gear-x/ps2-16360,PlayStation 2,8.8,Fighting,Y,2001,10,2
4472.0,Good,Guilty Gear X,/games/guilty-gear-x/gba-16904,Game Boy Advance,7.0,Fighting,N,2002,12,6
2940.0,Great,Guilty Gear X,/games/guilty-gear-x/dc-13556,Dreamcast,8.7,Fighting,Y,2001,1,4
4532.0,Amazing,Guilty Gear X2,/games/guilty-gear-x2/ps2-482708,PlayStation 2,9.0,Fighting,Y,2003,2,3
6086.0,Great,Guilty Gear X2 #Reload,/games/guilty-gear-xx-reload/xbox-640375,Xbox,8.9,Fighting,Y,2004,9,10
9974.0,Mediocre,Guilty Gear XX Accent Core,/games/guilty-gear-xx-accent-core/wii-902662,Wii,5.9,Fighting,N,2007,10,19
9768.0,Great,Guilty Gear XX Accent Core,/games/guilty-gear-xx-accent-core/ps2-891461,PlayStation 2,8.5,Fighting,Y,2007,9,14
361.0,Great,Guilty Gear XX Accent Core Plus,/games/guilty-gear-xx-accent-core-plus/xbox-360-128867,Xbox 360,8.3,Fighting,N,2012,12,7
12988.0,Good,Guilty Gear XX Accent Core Plus,/games/guilty-gear-xx-accent-core-plus/wii-14317791,Wii,7.0,Fighting,N,2009,5,22
362.0,Great,Guilty Gear XX Accent Core Plus,/games/guilty-gear-xx-accent-core-plus/ps3-128866,PlayStation 3,8.3,Fighting,N,2012,12,7
12830.0,Good,Guilty Gear XX Accent Core Plus,/games/guilty-gear-xx-accent-core-plus/psp-14249896,PlayStation Portable,7.6,Fighting,N,2009,4,17
12829.0,Good,Guilty Gear XX Accent Core Plus,/games/guilty-gear-xx-accent-core-plus/ps2-14313372,PlayStation 2,7.8,Fighting,N,2009,4,17
16959.0,Good,Guilty Gear XX Accent Core Plus R,/games/guilty-gear-xx-accent-core-plus-r/vita-161311,PlayStation Vita,7.9,Fighting,N,2013,5,1
18016.0,Great,Guilty Gear Xrd Sign,/games/guilty-gear-xrd/ps3-20009710,PlayStation 3,8.5,Fighting,N,2014,12,16
18015.0,Great,Guilty Gear Xrd Sign,/games/guilty-gear-xrd/ps4-169019,PlayStation 4,8.5,Fighting,N,2014,12,16
2676.0,Good,Gundam Battle Assault,/games/gundam-battle-assault/ps-14791,PlayStation,7.4,Fighting,N,2000,11,20
15286.0,Amazing,Infinity Blade,/games/infinity-blade/iphone-85461,iPhone,9.0,Fighting,Y,2010,12,8
16342.0,Masterpiece,Infinity Blade II,/games/infinity-blade-ii/iphone-119380,iPhone,10.0,Fighting,Y,2011,11,30
17307.0,Amazing,Infinity Blade III,/games/infinity-blade-iii/iphone-20005342,iPhone,9.1,Fighting,Y,2013,9,18
16921.0,Great,Injustice: Gods Among Us,/games/injustice-gods-among-us/xbox-360-135393,Xbox 360,8.2,Fighting,N,2013,4,16
16922.0,Great,Injustice: Gods Among Us,/games/injustice-gods-among-us/ps3-135392,PlayStation 3,8.2,Fighting,N,2013,4,16
17380.0,Great,Injustice: Gods Among Us -- Ultimate Edition,/games/injustice-gods-among-us-ultimate-edition/ps4-20006845,PlayStation 4,8.2,Fighting,N,2013,11,22
17379.0,Great,Injustice: Gods Among Us -- Ultimate Edition,/games/injustice-gods-among-us-ultimate-edition/vita-20006842,PlayStation Vita,8.2,Fighting,N,2013,11,22
17364.0,Great,Injustice: Gods Among Us -- Ultimate Edition,/games/injustice-gods-among-us-ultimate-edition/pc-20007058,PC,8.2,Fighting,N,2013,11,22
12544.0,Good,International Karate,/games/ik/wii-14243627,Wii,7.0,Fighting,N,2009,2,25
7036.0,Bad,InuYasha: Feudal Combat,/games/inuyasha-feudal-combat/ps2-739982,PlayStation 2,4.0,Fighting,N,2005,8,30
13387.0,Okay,Invincible Tiger: The Legend of Han Tao,/games/invincible-tiger-the-legend-of-han-tao/ps3-14319911,PlayStation 3,6.6,Fighting,N,2009,8,28
13394.0,Okay,Invincible Tiger: The Legend of Han Tao,/games/invincible-tiger-the-legend-of-han-tao/xbox-360-14319910,Xbox 360,6.6,Fighting,N,2009,8,26
6767.0,Okay,Iron Phoenix,/games/iron-phoenix/xbox-664124,Xbox,6.6,Fighting,N,2005,3,31
18211.0,Mediocre,J-Stars Victory VS.+,/games/j-stars-victory-vs/ps4-20029360,PlayStation 4,5.0,Fighting,N,2015,7,11
5599.0,Mediocre,Jet Li: Rise to Honor,/games/jet-li-rise-to-honor-139538/ps2-488218,PlayStation 2,5.8,Fighting,N,2004,2,17
2215.0,Great,JoJo's Bizarre Adventure,/games/jojos-bizarre-adventure/dc-13163,Dreamcast,8.5,Fighting,Y,2000,5,2
2136.0,Good,JoJo's Bizarre Adventure,/games/jojos-bizarre-adventure/ps-13745,PlayStation,7.0,Fighting,N,2000,4,11
19.0,Good,JoJo's Bizarre Adventure HD,/games/jojos-bizarre-adventure/xbox-360-137717,Xbox 360,7.0,Fighting,N,2012,9,3
20.0,Good,JoJo's Bizarre Adventure HD,/games/jojos-bizarre-adventure/ps3-137896,PlayStation 3,7.0,Fighting,N,2012,9,3
17805.0,Good,JoJo's Bizarre Adventure: All Star Battle,/games/jojos-bizarre-adventure-all-star-battle/ps3-137186,PlayStation 3,7.4,Fighting,N,2014,5,5
1975.0,Awful,K-1 Grand Prix,/games/k-1-grand-prix/ps-10625,PlayStation,3.0,Fighting,N,2000,2,16
732.0,Bad,K-1 The Arena Fighters,/games/k-1-the-arena-fighters/ps-2070,PlayStation,4.5,Fighting,N,1997,9,3
4953.0,Great,K-1 World Grand Prix,/games/k-1-world-grand-prix/ps2-498349,PlayStation 2,8.3,Fighting,N,2003,7,18
6259.0,Good,KOF: Maximum Impact,/games/kof-maximum-impact/ps2-567896,PlayStation 2,7.4,Fighting,N,2004,10,14
4335.0,Okay,Kakuto Chojin,/games/kakuto-chojin/xbox-479153,Xbox,6.2,Fighting,N,2002,11,5
14591.0,Good,Karate Champ,/games/karate-champ/iphone-75154,iPhone,7.7,Fighting,N,2010,5,24
8224.0,Okay,Karate Spirits 3D,/games/karate-spirits-3d/cell-851499,Wireless,6.9,Fighting,N,2006,8,31
9772.0,Awful,Kengo: Legend of the 9,/games/kengo-legend-of-the-9/xbox-360-909883,Xbox 360,3.5,Fighting,N,2007,9,13
2916.0,Okay,Kengo: Master of Bushido,/games/kengo-master-of-bushido/ps2-14839,PlayStation 2,6.0,Fighting,N,2000,12,22
1030.0,Mediocre,Kensei: Sacred Fist,/games/kensei-sacred-fist-139017/ps-10437,PlayStation,5.5,Fighting,N,1998,12,10
17317.0,Great,Killer Instinct,/games/killer-instinct-2013/xbox-one-20000538,Xbox One,8.4,Fighting,N,2013,11,18
590.0,Okay,Killer Instinct Gold,/games/killer-instinct-gold/n64-499,Nintendo 64,6.5,Fighting,N,1996,12,4
18579.0,Great,King of Fighters XIV,/games/king-of-fighters-14/ps4-20042891,PlayStation 4,8.0,Fighting,N,2016,8,24
11495.0,Mediocre,King of the Monsters,/games/king-of-the-monsters/wii-14257288,Wii,5.5,Fighting,N,2008,9,5
1376.0,Okay,Kung Food,/games/kung-food/lynx-4149,Lynx,6.0,Fighting,N,1999,7,6
4646.0,Okay,Kung Fu Chaos,/games/kung-fu-chaos/xbox-478944,Xbox,6.3,Fighting,N,2003,2,19
15246.0,Bad,Kung-Fu Live,/games/kung-fu-live-151926/ps3-74537,PlayStation 3,4.0,Fighting,N,2010,12,9
2158.0,Good,Last Blade,/games/last-blade/ngpc-11048,NeoGeo Pocket Color,7.0,Fighting,N,2000,4,28
2861.0,Great,Last Blade 2: Final Edition,/games/last-blade-2-final-edition/dc-15471,Dreamcast,8.9,Fighting,Y,2001,1,4
3292.0,Great,Last Blade 2: Heart of the Samurai,/games/last-blade-2-heart-of-the-samurai/dc-16649,Dreamcast,8.7,Fighting,Y,2001,8,2
9528.0,Painful,Legend of the Dragon,/games/legend-of-the-dragon/psp-827887,PlayStation Portable,2.5,Fighting,N,2007,6,19
9357.0,Awful,Legend of the Dragon,/games/legend-of-the-dragon/ps2-794291,PlayStation 2,3.0,Fighting,N,2007,6,1
9338.0,Awful,Legend of the Dragon,/games/legend-of-the-dragon/wii-872093,Wii,3.8,Fighting,N,2007,5,29
5272.0,Mediocre,MTV's Celebrity Deathmatch,/games/mtvs-celebrity-deathmatch/xbox-498069,Xbox,5.0,Fighting,N,2003,10,30
5270.0,Mediocre,MTV's Celebrity Deathmatch,/games/mtvs-celebrity-deathmatch/pc-498556,PC,5.0,Fighting,N,2003,10,30
5271.0,Bad,MTV's Celebrity Deathmatch,/games/mtvs-celebrity-deathmatch/ps2-482162,PlayStation 2,4.0,Fighting,N,2003,10,30
748.0,Good,Mace: The Dark Age,/games/mace-the-dark-age/n64-1906,Nintendo 64,7.1,Fighting,N,1997,10,3
7315.0,Painful,Marvel Nemesis: Rise of the Imperfects,/games/marvel-nemesis-rise-of-the-imperfects/nds-746924,Nintendo DS,2.5,Fighting,N,2005,10,20
7780.0,Okay,Marvel Nemesis: Rise of the Imperfects,/games/marvel-nemesis-rise-of-the-imperfects/psp-735746,PlayStation Portable,6.1,Fighting,N,2006,3,13
7164.0,Bad,Marvel Nemesis: Rise of the Imperfects,/games/marvel-nemesis-rise-of-the-imperfects/gcn-681939,GameCube,4.8,Fighting,N,2005,9,22
7168.0,Mediocre,Marvel Nemesis: Rise of the Imperfects,/games/marvel-nemesis-rise-of-the-imperfects/xbox-681937,Xbox,5.1,Fighting,N,2005,9,22
7172.0,Mediocre,Marvel Nemesis: Rise of the Imperfects,/games/marvel-nemesis-rise-of-the-imperfects/ps2-681938,PlayStation 2,5.0,Fighting,N,2005,9,22
786.0,Good,Marvel Super Heroes,/games/marvel-super-heroes/ps-160,PlayStation,7.0,Fighting,N,1997,9,30
1162.0,Good,Marvel Super Heroes vs. Street Fighter,/games/marvel-super-heroes-vs-street-fighter/ps-10442,PlayStation,7.5,Fighting,N,1999,2,25
15451.0,Great,Marvel Vs. Capcom 3: Fate of Two Worlds,/games/marvel-vs-capcom-3-fate-of-two-worlds/ps3-70922,PlayStation 3,8.5,Fighting,Y,2011,2,14
15450.0,Great,Marvel Vs. Capcom 3: Fate of Two Worlds,/games/marvel-vs-capcom-3-fate-of-two-worlds/xbox-360-70921,Xbox 360,8.5,Fighting,Y,2011,2,14
13169.0,Amazing,Marvel vs. Capcom 2,/games/marvel-vs-capcom-2/ps3-14269801,PlayStation 3,9.0,Fighting,Y,2009,7,28
13294.0,Great,Marvel vs. Capcom 2,/games/marvel-vs-capcom-2/xbox-360-14269805,Xbox 360,8.7,Fighting,Y,2009,7,28
2342.0,Amazing,Marvel vs. Capcom 2: New Age of Heroes,/games/marvel-vs-capcom-2/dc-14736,Dreamcast,9.3,Fighting,Y,2000,6,29
4363.0,Great,Marvel vs. Capcom 2: New Age of Heroes,/games/marvel-vs-capcom-2/ps2-482050,PlayStation 2,8.4,Fighting,N,2002,11,18
4766.0,Awful,Marvel vs. Capcom 2: New Age of Heroes,/games/marvel-vs-capcom-2/xbox-482251,Xbox,3.9,Fighting,N,2003,4,1
64.0,Great,Marvel vs. Capcom Origins,/games/marvel-vs-capcom-origins/ps3-137160,PlayStation 3,8.2,Fighting,N,2012,9,26
63.0,Great,Marvel vs. Capcom Origins,/games/marvel-vs-capcom-origins/xbox-360-137157,Xbox 360,8.2,Fighting,N,2012,9,26
2000.0,Good,Marvel vs. Capcom: Clash of Super Heroes,/games/marvel-vs-capcom-clash-of-super-heroes/ps-13440,PlayStation,7.5,Fighting,N,2000,2,10
1568.0,Great,Marvel vs. Capcom: Clash of Super Heroes,/games/marvel-vs-capcom-clash-of-super-heroes/dc-9967,Dreamcast,8.8,Fighting,Y,1999,10,7
5878.0,Painful,McFarlane's Evil Prophecy,/games/mcfarlanes-evil-prophecy-144305/ps2-549988,PlayStation 2,2.5,Fighting,N,2004,6,16
6975.0,Great,Medieval Combat: Age of Glory,/games/medieval-combat-age-of-glory/cell-758107,Wireless,8.6,Fighting,Y,2005,8,15
2352.0,Great,Mega Man Battle & Fighters,/games/mega-man-battle-and-fighters/ngpc-15241,NeoGeo Pocket Color,8.0,Fighting,N,2000,8,7
6082.0,Mediocre,Mobile Suit Gundam SEED: Battle Assault,/games/mobile-suit-gundam-seed-battle-assault/gba-628658,Game Boy Advance,5.5,Fighting,N,2004,9,10
15704.0,Great,Mortal Kombat,/games/mortal-kombat/xbox-360-14317283,Xbox 360,8.0,Fighting,N,2011,4,19
15701.0,Great,Mortal Kombat,/games/mortal-kombat/ps3-14317281,PlayStation 3,8.0,Fighting,N,2011,4,19
16720.0,Great,Mortal Kombat,/games/mortal-kombat/vita-111269,PlayStation Vita,8.5,Fighting,N,2012,5,1
844.0,Great,Mortal Kombat 4,/games/mortal-kombat-4/ps-3723,PlayStation,8.0,Fighting,N,1998,6,24
1446.0,Bad,Mortal Kombat 4,/games/mortal-kombat-4/gbc-5478,Game Boy Color,4.0,Fighting,N,1999,7,19
843.0,Great,Mortal Kombat 4,/games/mortal-kombat-4/n64-1912,Nintendo 64,8.8,Fighting,N,1998,6,24
999.0,Great,Mortal Kombat 4,/games/mortal-kombat-4/pc-3940,PC,8.0,Fighting,N,1998,8,18
3593.0,Painful,Mortal Kombat Advance,/games/ultimate-mortal-kombat-3/gba-17131,Game Boy Advance,2.0,Fighting,N,2002,1,10
16087.0,Okay,Mortal Kombat Arcade Kollection,/games/mortal-kombat-arcade-kollection/ps3-83587,PlayStation 3,6.0,Fighting,N,2011,9,1
16089.0,Okay,Mortal Kombat Arcade Kollection,/games/mortal-kombat-arcade-kollection/xbox-360-108290,Xbox 360,6.0,Fighting,N,2011,9,1
1491.0,Okay,Mortal Kombat Gold,/games/mortal-kombat-gold/dc-10950,Dreamcast,6.3,Fighting,N,1999,9,8
12189.0,Good,Mortal Kombat II,/games/mortal-kombat-2/32x-5672,Sega 32X,7.8,Fighting,N,2008,12,8
9189.0,Good,Mortal Kombat II,/games/mortal-kombat-2/ps3-874204,PlayStation 3,7.3,Fighting,N,2007,4,13
553.0,Okay,Mortal Kombat Trilogy,/games/mortal-kombat-trilogy/ps-462,PlayStation,6.0,Fighting,N,1996,12,19
483.0,Bad,Mortal Kombat Trilogy,/games/mortal-kombat-trilogy/n64-454,Nintendo 64,4.1,Fighting,N,1996,11,20
18088.0,Great,Mortal Kombat X,/games/mortal-kombat-x/ps4-20013666,PlayStation 4,8.4,Fighting,N,2015,4,13
18087.0,Great,Mortal Kombat X,/games/mortal-kombat-x/xbox-one-20019308,Xbox One,8.4,Fighting,N,2015,4,13
11995.0,Good,Mortal Kombat vs. DC Universe,/games/mortal-kombat-vs-dc-universe/ps3-853444,PlayStation 3,7.5,Fighting,N,2008,11,15
11994.0,Good,Mortal Kombat vs. DC Universe,/games/mortal-kombat-vs-dc-universe/xbox-360-853443,Xbox 360,7.5,Fighting,N,2008,11,15
11989.0,Good,Mortal Kombat vs. DC Universe (Kollector's Edition),/games/mortal-kombat-vs-dc-universe/xbox-360-14273148,Xbox 360,7.5,Fighting,N,2008,11,17
11985.0,Good,Mortal Kombat vs. DC Universe (Kollector's Edition),/games/mortal-kombat-vs-dc-universe/ps3-14273147,PlayStation 3,7.5,Fighting,N,2008,11,17
9343.0,Good,Mortal Kombat: Armageddon,/games/mortal-kombat-armageddon/wii-845775,Wii,7.8,Fighting,N,2007,5,25
8241.0,Great,Mortal Kombat: Armageddon,/games/mortal-kombat-armageddon/ps2-794354,PlayStation 2,8.5,Fighting,Y,2006,10,9
8235.0,Great,Mortal Kombat: Armageddon,/games/mortal-kombat-armageddon/xbox-794353,Xbox,8.5,Fighting,Y,2006,10,9
8233.0,Great,Mortal Kombat: Armageddon (Premium Edition),/games/mortal-kombat-armageddon/ps2-839848,PlayStation 2,8.5,Fighting,Y,2006,10,9
4356.0,Great,Mortal Kombat: Deadly Alliance,/games/mortal-kombat-deadly-alliance/gcn-17208,GameCube,8.6,Fighting,Y,2002,11,19
4412.0,Great,Mortal Kombat: Deadly Alliance,/games/mortal-kombat-deadly-alliance/gba-17498,Game Boy Advance,8.8,Fighting,Y,2002,11,20
4423.0,Great,Mortal Kombat: Deadly Alliance,/games/mortal-kombat-deadly-alliance/ps2-16335,PlayStation 2,8.6,Fighting,Y,2002,11,19
4424.0,Great,Mortal Kombat: Deadly Alliance,/games/mortal-kombat-deadly-alliance/xbox-478788,Xbox,8.6,Fighting,Y,2002,11,19
6114.0,Great,Mortal Kombat: Deception,/games/mortal-kombat-deception/ps2-552223,PlayStation 2,8.8,Fighting,Y,2004,10,1
6111.0,Great,Mortal Kombat: Deception,/games/mortal-kombat-deception/xbox-657804,Xbox,8.8,Fighting,Y,2004,10,1
6589.0,Great,Mortal Kombat: Deception,/games/mortal-kombat-deception/gcn-552245,GameCube,8.5,Fighting,N,2005,3,1
7041.0,Great,Mortal Kombat: Shaolin Monks,/games/mortal-kombat-shaolin-monks/xbox-709116,Xbox,8.0,Fighting,N,2005,9,16
7060.0,Great,Mortal Kombat: Shaolin Monks,/games/mortal-kombat-shaolin-monks/ps2-709115,PlayStation 2,8.0,Fighting,N,2005,9,16
5040.0,Great,Mortal Kombat: Tournament Edition,/games/mortal-kombat-tournament-edition/gba-536084,Game Boy Advance,8.5,Fighting,Y,2003,8,28
8668.0,Good,Mortal Kombat: Unchained,/games/mortal-kombat-unchained/psp-746769,PlayStation Portable,7.0,Fighting,N,2006,12,8
4483.0,Good,Mystic Heroes,/games/mystic-heroes/ps2-482188,PlayStation 2,7.0,Fighting,N,2002,11,25
4211.0,Okay,Mystic Heroes,/games/mystic-heroes/gcn-17500,GameCube,6.3,Fighting,N,2002,10,10
13440.0,Good,Naruto Shippuden: Ninja Destiny 2,/games/naruto-shippuden-ninja-destiny-2/nds-14251553,Nintendo DS,7.5,Fighting,N,2009,9,11
14518.0,Okay,Naruto Shippuden: Ultimate Ninja Heroes 3,/games/naruto-shippuden-ultimate-ninja-heroes-3/psp-21487,PlayStation Portable,6.5,Fighting,N,2010,5,14
16310.0,Good,Naruto Shippuden: Ultimate Ninja Impact,/games/naruto-shippuden-ultimate-ninja-impact/psp-104110,PlayStation Portable,7.0,Fighting,N,2011,11,7
16889.0,Great,Naruto Shippuden: Ultimate Ninja Storm 3,/games/narutimate-storm-3/ps3-136438,PlayStation 3,8.6,Fighting,N,2013,3,20
16902.0,Great,Naruto Shippuden: Ultimate Ninja Storm 3,/games/narutimate-storm-3/xbox-360-136441,Xbox 360,8.6,Fighting,N,2013,3,20
16552.0,Great,Naruto Shippuden: Ultimate Ninja Storm Generations,/games/naruto-shippuden-ultimate-ninja-storm-generations/xbox-360-112453,Xbox 360,8.5,Fighting,Y,2012,3,13
16550.0,Great,Naruto Shippuden: Ultimate Ninja Storm Generations,/games/naruto-shippuden-ultimate-ninja-storm-generations/ps3-112456,PlayStation 3,8.5,Fighting,Y,2012,3,13
7811.0,Good,Naruto: Clash of Ninja,/games/naruto-clash-of-ninja/gcn-497564,GameCube,7.8,Fighting,N,2006,3,8
8280.0,Great,Naruto: Clash of Ninja 2,/games/naruto-clash-of-ninja-2/gcn-614639,GameCube,8.2,Fighting,N,2006,9,22
9973.0,Great,Naruto: Clash of Ninja Revolution,/games/naruto-clash-of-ninja-revolution/wii-856011,Wii,8.4,Fighting,Y,2007,10,19
9359.0,Okay,Naruto: Ninja Council 3,/games/naruto-ninja-council-3/nds-695661,Nintendo DS,6.5,Fighting,N,2007,6,1
10702.0,Good,Naruto: Ninja Destiny,/games/naruto-ninja-destiny/nds-856015,Nintendo DS,7.2,Fighting,N,2008,2,26
16896.0,Great,Naruto: Powerful Shippuden,/games/naruto-sd-powerful-shippuden/3ds-137354,Nintendo 3DS,8.0,Fighting,N,2013,3,8
8123.0,Good,Naruto: Ultimate Ninja,/games/naruto-ultimate-ninja/ps2-611692,PlayStation 2,7.5,Fighting,N,2006,6,26
9401.0,Good,Naruto: Ultimate Ninja 2,/games/naruto-ultimate-ninja-2/ps2-692885,PlayStation 2,7.4,Fighting,N,2007,6,7
10783.0,Good,Naruto: Ultimate Ninja 3,/games/naruto-ultimate-ninja-3/ps2-789830,PlayStation 2,7.6,Fighting,N,2008,3,21
9659.0,Good,Naruto: Ultimate Ninja Heroes,/games/naruto-ultimate-ninja-heroes/psp-899807,PlayStation Portable,7.7,Fighting,N,2007,8,23
11193.0,Good,Naruto: Ultimate Ninja Heroes 2: The Phantom Fortress,/games/naruto-ultimate-ninja-heroes-2-the-phantom-fortress/psp-704800,PlayStation Portable,7.1,Fighting,N,2008,6,20
11805.0,Great,Naruto: Ultimate Ninja Storm,/games/naruto-ultimate-ninja-storm/ps3-965454,PlayStation 3,8.4,Fighting,N,2008,10,31
11809.0,Great,Naruto: Ultimate Ninja Storm (Limited Edition),/games/naruto-ultimate-ninja-storm/ps3-14281943,PlayStation 3,8.4,Fighting,N,2008,10,31
14957.0,Great,Naruto: Ultimate Ninja Storm 2,/games/naruto-ultimate-ninja-storm-2/xbox-360-55553,Xbox 360,8.0,Fighting,N,2010,10,15
14964.0,Great,Naruto: Ultimate Ninja Storm 2,/games/naruto-ultimate-ninja-storm-2/ps3-55550,PlayStation 3,8.0,Fighting,N,2010,10,15
10350.0,Good,NeoGeo Battle Coliseum,/games/neogeo-battle-coliseum/ps2-772938,PlayStation 2,7.3,Fighting,N,2008,1,4
14625.0,Okay,NeoGeo Battle Coliseum,/games/neogeo-battle-coliseum/xbox-360-772019,Xbox 360,6.0,Fighting,N,2010,6,11
17471.0,Amazing,Nidhogg,/games/nidhogg/pc-20007105,PC,9.0,Fighting,Y,2014,1,15
7497.0,Great,ONE,/games/one/nng-703295,N-Gage,8.0,Fighting,Y,2005,11,28
5548.0,Okay,One Must Fall: Battlegrounds,/games/one-must-fall-battlegrounds/pc-15812,PC,6.7,Fighting,N,2004,1,8
7032.0,Good,One Piece Grand Battle!,/games/one-piece-grand-battle/ps2-724038,PlayStation 2,7.0,Fighting,N,2005,8,31
18564.0,Okay,One Piece: Burning Blood,/games/one-piece-burning-blood/ps4-20042894,PlayStation 4,6.5,Fighting,N,2016,5,31
18565.0,Okay,One Piece: Burning Blood,/games/one-piece-burning-blood/xbox-one-20043620,Xbox One,6.5,Fighting,N,2016,5,31
5724.0,Good,Onimusha Blade Warriors,/games/onimusha-blade-warriors/ps2-536091,PlayStation 2,7.0,Fighting,N,2004,3,18
194.0,Amazing,Persona 4 Arena,/games/persona-4-arena/xbox-360-116913,Xbox 360,9.0,Fighting,Y,2012,8,7
193.0,Amazing,Persona 4 Arena,/games/persona-4-arena/ps3-116910,PlayStation 3,9.0,Fighting,Y,2012,8,7
17856.0,Amazing,Persona 4 Arena Ultimax,/games/persona-4-arena-ultimax/ps3-20008901,PlayStation 3,9.1,Fighting,Y,2014,9,30
17855.0,Amazing,Persona 4 Arena Ultimax,/games/persona-4-arena-ultimax/xbox-360-20013783,Xbox 360,9.1,Fighting,Y,2014,9,30
17808.0,Mediocre,Phantom Breaker: Battle Grounds,/games/phantom-breaker-battle-grounds/vita-20022070,PlayStation Vita,5.0,Fighting,N,2014,8,21
14466.0,Great,Photo Dojo,/games/photo-dojo/dsi-55010,Nintendo DSi,8.0,Fighting,Y,2010,5,10
1385.0,Mediocre,Pit-Fighter,/games/pit-fighter/lynx-4156,Lynx,5.0,Fighting,N,1999,7,6
2134.0,Okay,Plasma Sword: Nightmare of Bilstein,/games/plasma-sword-nightmare-of-bilstein/dc-13372,Dreamcast,6.8,Fighting,N,2000,4,11
397.0,Great,PlayStation All-Stars Battle Royale,/games/playstation-all-stars-battle-royale/ps3-123511,PlayStation 3,8.0,Fighting,N,2012,11,20
382.0,Great,PlayStation All-Stars Battle Royale,/games/playstation-all-stars-battle-royale/vita-135678,PlayStation Vita,8.0,Fighting,N,2012,11,20
2200.0,Great,Pocket Fighter,/games/pocket-fighter/ws-13093,WonderSwan,8.0,Fighting,N,2000,4,19
13832.0,Okay,Pokemon Rumble,/games/pokemon-rumble/wii-14356297,Wii,6.0,Fighting,N,2009,11,16
16277.0,Okay,Pokemon Rumble Blast,/games/pokemon-rumble-blast/3ds-111089,Nintendo 3DS,6.5,Fighting,N,2011,10,24
18499.0,Great,Pokken Tournament,/games/pokken-tournament/wii-u-20041904,Wii U,8.0,Fighting,N,2016,3,15
1499.0,Great,Power Stone,/games/power-stone/dc-10637,Dreamcast,8.7,Fighting,N,1999,9,8
2499.0,Amazing,Power Stone 2,/games/power-stone-2/dc-14765,Dreamcast,9.0,Fighting,Y,2000,8,24
16271.0,Mediocre,PowerUp Heroes,/games/powerup-heroes-163256/xbox-360-106035,Xbox 360,5.5,Fighting,N,2011,10,25
4620.0,Great,Pride FC: Fighting Championships,/games/pride-fc-fighting-championships/ps2-17219,PlayStation 2,8.0,Fighting,N,2003,2,7
3104.0,Great,Project Justice,/games/project-justice/dc-15319,Dreamcast,8.8,Fighting,Y,2001,5,1
624.0,Mediocre,Psychic Force,/games/psychic-force/ps-57,PlayStation,5.0,Fighting,N,1997,4,29
1640.0,Okay,Psychic Force 2012,/games/psychic-force-2/dc-10993,Dreamcast,6.9,Fighting,N,1999,11,9
18412.0,Okay,Punch Club,/games/punch-club/pc-20048021,PC,6.5,Fighting,N,2016,1,15
12814.0,Mediocre,Rag Doll Kung Fu: Fists of Plastic,/games/rag-doll-kung-fu-fists-of-plastic/ps3-14266747,PlayStation 3,5.9,Fighting,N,2009,4,14
6805.0,Okay,Rave Master,/games/rave-master/gcn-16960,GameCube,6.8,Fighting,N,2005,5,6
6687.0,Awful,Rave Master: Special Attack Force,/games/rave-master-special-attack-force/gba-680652,Game Boy Advance,3.5,Fighting,N,2005,3,21
16330.0,Awful,Real Steel,/games/real-steel/xbox-360-120015,Xbox 360,3.0,Fighting,N,2011,11,14
16325.0,Awful,Real Steel,/games/real-steel/ps3-120688,PlayStation 3,3.0,Fighting,N,2011,11,15
10942.0,Okay,Renegade,/games/renegade/wii-14247615,Wii,6.0,Fighting,N,2008,5,5
405.0,Painful,Rise 2: Resurrection,/games/rise-2-resurrection/ps-174,PlayStation,2.0,Fighting,N,1996,11,25
18200.0,Great,Rise of Incarnates,/games/rise-of-incarnates/pc-20016664,PC,8.0,Fighting,N,2015,7,15
1661.0,Great,Rising Zan: The Samurai Gunman,/games/rising-zan-the-samurai-gunman/ps-11472,PlayStation,8.5,Fighting,N,1999,10,21
922.0,Great,Rival Schools: United by Fate,/games/rival-schools-united-by-fate/ps-3739,PlayStation,8.0,Fighting,N,1998,10,26
406.0,Okay,Robo Pit,/games/robo-pit/ps-175,PlayStation,6.5,Fighting,N,1996,11,25
8781.0,Awful,Rock 'em Sock 'em Robots,/games/rock-em-sock-em-robots/cell-873012,Wireless,3.5,Fighting,N,2006,12,21
8793.0,Unbearable,Rock 'em Sock 'em Robots,/games/rock-em-sock-em-robots-826003/gba-826002,Game Boy Advance,1.5,Fighting,N,2006,12,14
4344.0,Great,Rocky,/games/rocky-809315/gcn-480610,GameCube,8.5,Fighting,Y,2002,11,11
1927.0,Masterpiece,SNK vs. Capcom: Match of the Millennium,/games/snk-vs-capcom-match-of-the-millennium/ngpc-12975,NeoGeo Pocket Color,10.0,Fighting,Y,2000,1,4
6222.0,Okay,SNK vs. Capcom: SVC Chaos,/games/snk-vs-capcom-svc-chaos/xbox-546478,Xbox,6.0,Fighting,N,2004,10,8
17477.0,Mediocre,Saint Seiya: Brave Soldiers,/games/saint-seiya-brave-soldiers/ps3-20001209,PlayStation 3,5.5,Fighting,N,2013,12,14
11186.0,Great,Samurai Shodown,/games/samurai-shodown/wii-14260563,Wii,8.5,Fighting,Y,2008,7,2
1437.0,Amazing,Samurai Shodown 2! Pocket Fighting Series,/games/samurai-shodown-2-pocket-fighting-series/ngpc-12019,NeoGeo Pocket Color,9.0,Fighting,N,1999,7,20
12758.0,Good,Samurai Shodown Anthology,/games/samurai-shodown-anthology/ps2-857118,PlayStation 2,7.1,Fighting,N,2009,4,2
12736.0,Bad,Samurai Shodown Anthology,/games/samurai-shodown-anthology/psp-14236856,PlayStation Portable,4.8,Fighting,N,2009,4,3
12753.0,Good,Samurai Shodown Anthology,/games/samurai-shodown-anthology/wii-965627,Wii,7.1,Fighting,N,2009,4,15
11623.0,Great,Samurai Shodown II,/games/samurai-shodown-ii/ng-5903,NeoGeo,8.5,Fighting,N,2008,9,30
11620.0,Great,Samurai Shodown II,/games/samurai-shodown-ii/wii-14271002,Wii,8.5,Fighting,Y,2008,9,30
11442.0,Great,Samurai Shodown II,/games/samurai-shodown-ii/xbox-360-965628,Xbox 360,8.0,Fighting,N,2008,9,15
552.0,Okay,Samurai Shodown III: Blades of Blood,/games/samurai-shodown-best-collection/ps-101,PlayStation,6.5,Fighting,N,1996,12,20
15080.0,Good,Samurai Shodown III: Blades of Blood,/games/samurai-shodown-best-collection/wii-85805,Wii,7.5,Fighting,N,2010,9,7
14469.0,Bad,Samurai Shodown Sen,/games/samurai-shodown-sen/xbox-360-33695,Xbox 360,4.0,Fighting,N,2010,4,5
7687.0,Okay,Samurai Shodown V,/games/samurai-shodown-v/xbox-741668,Xbox,6.2,Fighting,N,2006,1,26
2258.0,Okay,Samurai Shodown: Warrior's Rage,/games/samurai-shodown-warriors-rage/ps-13533,PlayStation,6.0,Fighting,N,2000,6,2
14850.0,Great,Scott Pilgrim vs. The World: The Game,/games/scott-pilgrim-vs-the-world-the-game/ps3-22138,PlayStation 3,8.0,Fighting,Y,2010,8,10
14922.0,Great,Scott Pilgrim vs. The World: The Game,/games/scott-pilgrim-vs-the-world-the-game/xbox-360-22133,Xbox 360,8.0,Fighting,Y,2010,8,25
5894.0,Great,Shado Fighter,/games/shado-fighter/cell-686987,Wireless,8.5,Fighting,Y,2004,6,14
6321.0,Mediocre,Shaman King: Power of Spirit,/games/shaman-king-power-of-spirit/ps2-621374,PlayStation 2,5.0,Fighting,N,2004,11,11
7268.0,Good,Shrek SuperSlam,/games/madagascar-shrek-superslam-2-in-1-combo-pack/ps2-727929,PlayStation 2,7.0,Fighting,N,2005,10,28
7251.0,Good,Shrek SuperSlam,/games/madagascar-shrek-superslam-2-in-1-combo-pack/xbox-748370,Xbox,7.0,Fighting,N,2005,10,28
7252.0,Good,Shrek SuperSlam,/games/madagascar-shrek-superslam-2-in-1-combo-pack/gcn-746739,GameCube,7.0,Fighting,N,2005,10,28
4884.0,Mediocre,Skirt Fighter,/games/skirt-fighter/cell-568869,Wireless,5.5,Fighting,N,2003,6,2
16562.0,Great,Skullgirls,/games/skullgirls/xbox-360-99617,Xbox 360,8.5,Fighting,Y,2012,4,9
16674.0,Great,Skullgirls,/games/skullgirls/ps3-99614,PlayStation 3,8.5,Fighting,Y,2012,4,9
8712.0,Great,Small Arms,/games/small-arms/xbox-360-845426,Xbox 360,8.2,Fighting,N,2006,11,27
5521.0,Great,Sonic Battle,/games/sonic-battle/gba-552368,Game Boy Advance,8.0,Fighting,N,2004,1,13
586.0,Great,Soul Blade,/games/soul-blade/ps-2117,PlayStation,8.3,Fighting,Y,1997,3,3
1717.0,Painful,Soul Fighter,/games/soul-fighter-168269/dc-11790,Dreamcast,2.5,Fighting,N,1999,11,23
1457.0,Masterpiece,Soulcalibur,/games/soulcalibur/dc-10953,Dreamcast,10.0,Fighting,Y,1999,9,20
11142.0,Great,Soulcalibur,/games/soulcalibur/xbox-360-14247598,Xbox 360,8.1,Fighting,N,2008,6,27
5045.0,Amazing,Soulcalibur II,/games/soulcalibur-2/gcn-16888,GameCube,9.2,Fighting,Y,2003,8,26
5046.0,Amazing,Soulcalibur II,/games/soulcalibur-2/ps2-16958,PlayStation 2,9.2,Fighting,Y,2003,8,26
5042.0,Amazing,Soulcalibur II,/games/soulcalibur-2/xbox-16894,Xbox,9.2,Fighting,Y,2003,8,26
7322.0,Great,Soulcalibur III,/games/soulcalibur-iii/ps2-736896,PlayStation 2,8.5,Fighting,Y,2005,10,25
11205.0,Great,Soulcalibur IV,/games/soulcalibur-iv/xbox-360-739577,Xbox 360,8.7,Fighting,Y,2008,7,29
11207.0,Great,Soulcalibur IV,/games/soulcalibur-iv/ps3-739576,PlayStation 3,8.7,Fighting,Y,2008,7,29
11208.0,Great,Soulcalibur IV (Premium Edition),/games/soulcalibur-iv/ps3-14247571,PlayStation 3,8.7,Fighting,Y,2008,7,29
11206.0,Great,Soulcalibur IV (Premium Edition),/games/soulcalibur-iv/xbox-360-14247572,Xbox 360,8.7,Fighting,Y,2008,7,29
16457.0,Good,Soulcalibur V,/games/soulcalibur-v/xbox-360-108063,Xbox 360,7.5,Fighting,N,2012,1,31
16453.0,Good,Soulcalibur V,/games/soulcalibur-v/ps3-96207,PlayStation 3,7.5,Fighting,N,2012,1,31
13385.0,Great,Soulcalibur: Broken Destiny,/games/soulcalibur-broken-destiny/psp-903401,PlayStation Portable,8.0,Fighting,N,2009,8,28
6764.0,Mediocre,SpikeOut: Battle Street,/games/spikeout-142099/xbox-663474,Xbox,5.5,Fighting,N,2005,4,4
4834.0,Painful,Stake: Fortune Fighters,/games/stake-fortune-fighters/xbox-494362,Xbox,2.3,Fighting,N,2003,5,23
446.0,Great,Star Gladiator Episode 1: Final Crusade,/games/star-gladiator-episode-1-final-crusade/ps-461,PlayStation,8.0,Fighting,N,1996,11,26
6964.0,Mediocre,Star Wars Lightsaber Combat,/games/star-wars-lightsaber-combat/cell-761312,Wireless,5.8,Fighting,N,2005,7,22
775.0,Bad,Star Wars: Masters of Teras Kasi,/games/star-wars-masters-of-teras-kasi/ps-2118,PlayStation,4.0,Fighting,N,1997,11,19
580.0,Great,Street Fighter Alpha 2,/games/street-fighter-alpha-2/ps-476,PlayStation,8.5,Fighting,N,1996,12,11
13965.0,Good,Street Fighter Alpha 2,/games/street-fighter-alpha-2/wii-38485,Wii,7.0,Fighting,N,2009,12,11
4502.0,Amazing,Street Fighter Alpha 3,/games/street-fighter-alpha-3/gba-16476,Game Boy Advance,9.0,Fighting,Y,2002,12,13
2190.0,Amazing,Street Fighter Alpha 3,/games/street-fighter-alpha-3/dc-11950,Dreamcast,9.5,Fighting,Y,2000,5,19
1228.0,Amazing,Street Fighter Alpha 3,/games/street-fighter-alpha-3/ps-10362,PlayStation,9.3,Fighting,Y,1999,5,7
7635.0,Great,Street Fighter Alpha 3 Max,/games/street-fighter-alpha-3/psp-748382,PlayStation Portable,8.3,Fighting,N,2006,2,10
8139.0,Great,Street Fighter Alpha Anthology,/games/street-fighter-alpha-anthology/ps2-800842,PlayStation 2,8.0,Fighting,N,2006,6,13
2036.0,Great,Street Fighter Alpha: Warriors' Dreams,/games/street-fighter-alpha/gbc-12036,Game Boy Color,8.0,Fighting,N,2000,3,24
493.0,Good,Street Fighter Alpha: Warriors' Dreams,/games/street-fighter-alpha/ps-181,PlayStation,7.0,Fighting,N,1996,11,25
6013.0,Great,Street Fighter Anniversary Collection,/games/street-fighter-anniversary-collection/ps2-674676,PlayStation 2,8.5,Fighting,Y,2004,8,26
6551.0,Great,Street Fighter Anniversary Collection,/games/street-fighter-anniversary-collection/xbox-682115,Xbox,8.2,Fighting,N,2005,2,22
793.0,Good,Street Fighter Collection,/games/street-fighter-collection/ps-2121,PlayStation,7.0,Fighting,N,1997,12,18
1060.0,Great,Street Fighter Collection 2,/games/street-fighter-collection-2/ps-3863,PlayStation,8.4,Fighting,Y,1998,11,24
2325.0,Great,Street Fighter EX 2 Plus,/games/street-fighter-ex-2/ps-13643,PlayStation,8.5,Fighting,N,2000,6,15
2596.0,Mediocre,Street Fighter EX 3,/games/street-fighter-ex-3/ps2-13746,PlayStation 2,5.0,Fighting,N,2000,10,23
718.0,Great,Street Fighter EX Plus Alpha,/games/street-fighter-ex-plus/ps-2120,PlayStation,8.3,Fighting,N,1997,10,26
8034.0,Good,Street Fighter II Hyper Fighting,/games/street-fighter-ii-hyper-fighting/xbox-360-792486,Xbox 360,7.5,Fighting,N,2006,8,2
9434.0,Good,Street Fighter II Turbo,/games/street-fighter-ii-hyper-fighting/wii-901425,Wii,7.5,Fighting,N,2007,6,29
10935.0,Good,Street Fighter II: Champion Edition,/games/playtv-legends-sega-genesis-street-fighter-ii-special-champion-edition/cell-957080,Wireless,7.8,Fighting,N,2008,5,16
14098.0,Good,Street Fighter II: Champion Edition,/games/playtv-legends-sega-genesis-street-fighter-ii-special-champion-edition/wii-42028,Wii,7.0,Fighting,N,2010,1,25
11648.0,Good,Street Fighter II: Special Champion Edition,/games/playtv-legends-sega-genesis-street-fighter-ii-special-champion-edition/gen-6306,Genesis,7.0,Fighting,N,2008,10,14
11639.0,Good,Street Fighter II: Special Champion Edition,/games/playtv-legends-sega-genesis-street-fighter-ii-special-champion-edition/wii-14289549,Wii,7.0,Fighting,N,2008,10,14
8904.0,Good,Street Fighter II: The World Warrior,/games/street-fighter-ii/wii-864241,Wii,7.0,Fighting,N,2007,1,16
7810.0,Okay,Street Fighter II: The World Warrior,/games/street-fighter-ii/cell-705893,Wireless,6.8,Fighting,N,2006,3,8
9590.0,Good,Street Fighter II: The World Warrior [2007],/games/street-fighter-ii/cell-900309,Wireless,7.5,Fighting,N,2007,8,3
2305.0,Great,Street Fighter III: Double Impact,/games/street-fighter-iii-double-impact/dc-9991,Dreamcast,8.8,Fighting,N,2000,6,23
2622.0,Great,Street Fighter III: Third Strike -- Fight for the Future,/games/street-fighter-iii-third-strike-fight-for-the-future/dc-14367,Dreamcast,8.3,Fighting,N,2000,10,5
15998.0,Amazing,Street Fighter III: Third Strike -- Online Edition,/games/street-fighter-iii-third-strike-fight-for-the-future/ps3-81898,PlayStation 3,9.0,Fighting,Y,2011,8,22
15997.0,Amazing,Street Fighter III: Third Strike -- Online Edition,/games/street-fighter-iii-third-strike-fight-for-the-future/xbox-360-81899,Xbox 360,9.0,Fighting,N,2011,8,22
14197.0,Great,Street Fighter IV,/games/street-fighter-iv/iphone-61650,iPhone,8.0,Fighting,N,2010,3,12
12507.0,Amazing,Street Fighter IV,/games/street-fighter-iv/ps3-14211548,PlayStation 3,9.3,Fighting,N,2009,2,12
12511.0,Amazing,Street Fighter IV,/games/street-fighter-iv/xbox-360-14211549,Xbox 360,9.3,Fighting,N,2009,2,12
13237.0,Great,Street Fighter IV,/games/street-fighter-iv/pc-14256447,PC,8.9,Fighting,Y,2009,7,15
12579.0,Amazing,Street Fighter IV (Collector's Edition),/games/street-fighter-iv/ps3-14270582,PlayStation 3,9.3,Fighting,Y,2009,2,18
12580.0,Amazing,Street Fighter IV (Collector's Edition),/games/street-fighter-iv/xbox-360-14270581,Xbox 360,9.3,Fighting,Y,2009,2,18
18393.0,Great,Street Fighter V,/games/street-fighter-5/ps4-20020046,PlayStation 4,8.0,Fighting,N,2016,2,15
18392.0,Great,Street Fighter V,/games/street-fighter-5/pc-20028616,PC,8.0,Fighting,N,2016,2,15
221.0,Okay,Street Fighter x Tekken,/games/street-fighter-x-tekken/vita-110720,PlayStation Vita,6.6,Fighting,N,2012,10,29
16593.0,Amazing,Street Fighter x Tekken,/games/street-fighter-x-tekken/xbox-360-81897,Xbox 360,9.0,Fighting,Y,2012,3,5
16596.0,Amazing,Street Fighter x Tekken,/games/street-fighter-x-tekken/ps3-81889,PlayStation 3,9.0,Fighting,Y,2012,3,5
13189.0,Bad,Streets of Rage,/games/streets-of-rage-1/iphone-21577,iPhone,4.0,Fighting,N,2009,7,20
8129.0,Good,Super Dragon Ball Z,/games/super-dragon-ball-z/ps2-769480,PlayStation 2,7.4,Fighting,N,2006,7,19
1242.0,Great,Super Smash Bros.,/games/super-smash-bros/n64-10494,Nintendo 64,8.5,Fighting,Y,1999,4,27
14120.0,Great,Super Smash Bros.,/games/super-smash-bros/wii-1080,Wii,8.0,Fighting,Y,2010,2,4
10698.0,Amazing,Super Smash Bros. Brawl,/games/super-smash-bros-brawl/wii-748545,Wii,9.5,Fighting,Y,2008,3,4
3512.0,Amazing,Super Smash Bros. Melee,/games/super-smash-bros-melee/gcn-16387,GameCube,9.6,Fighting,Y,2001,12,3
17858.0,Great,Super Smash Bros. for Nintendo 3DS,/games/super-smash-bros-for-nintendo-3ds/3ds-110814,Nintendo 3DS,8.8,Fighting,N,2014,9,26
17991.0,Amazing,Super Smash Bros. for Wii U,/games/super-smash-bros-for-wii-u/wii-u-110817,Wii U,9.8,Fighting,Y,2014,11,19
12121.0,Great,Super Street Fighter II Turbo HD Remix,/games/super-street-fighter-ii-turbo-hd-remix/ps3-900199,PlayStation 3,8.7,Fighting,Y,2008,11,21
12101.0,Great,Super Street Fighter II Turbo HD Remix,/games/super-street-fighter-ii-turbo-hd-remix/xbox-360-900198,Xbox 360,8.7,Fighting,Y,2008,11,21
3367.0,Great,Super Street Fighter II Turbo Revival,/games/super-street-fighter-ii-turbo/gba-16204,Game Boy Advance,8.0,Fighting,N,2001,11,1
10597.0,Great,Super Street Fighter II: The New Challengers,/games/super-street-fighter-ii-the-new-challengers/wii-966943,Wii,8.0,Fighting,Y,2008,2,7
14455.0,Amazing,Super Street Fighter IV,/games/super-street-fighter-iv/xbox-360-35904,Xbox 360,9.0,Fighting,Y,2010,4,23
14459.0,Amazing,Super Street Fighter IV,/games/super-street-fighter-iv/ps3-35905,PlayStation 3,9.0,Fighting,Y,2010,4,23
15537.0,Great,Super Street Fighter IV 3D Edition,/games/super-street-fighter-iv/3ds-77762,Nintendo 3DS,8.5,Fighting,Y,2011,3,22
15807.0,Great,Super Street Fighter IV: Arcade Edition,/games/super-street-fighter-iv-arcade-edition/xbox-360-105971,Xbox 360,8.0,Fighting,N,2011,6,6
15885.0,Great,Super Street Fighter IV: Arcade Edition,/games/super-street-fighter-iv-arcade-edition/ps3-105969,PlayStation 3,8.0,Fighting,N,2011,6,14
15833.0,Great,Super Street Fighter IV: Arcade Edition,/games/super-street-fighter-iv-arcade-edition/pc-105972,PC,8.5,Fighting,Y,2011,7,7
16106.0,Mediocre,Supremacy MMA,/games/supremacy-mma/xbox-360-77283,Xbox 360,5.0,Fighting,N,2011,9,21
6626.0,Mediocre,TMNT Mutant Melee,/games/tmnt-mutant-melee/gcn-726666,GameCube,5.5,Fighting,N,2005,3,18
4663.0,Great,Tao Feng: Fist of the Lotus,/games/tao-feng-fist-of-the-lotus-139717/xbox-482069,Xbox,8.7,Fighting,Y,2003,3,14
14045.0,Amazing,Tatsunoko vs. Capcom: Ultimate All Stars,/games/tatsunoko-vs-capcom-cross-generation-of-heroes/wii-14281713,Wii,9.0,Fighting,Y,2010,1,22
2295.0,Great,Tech Romancer,/games/tech-romancer/dc-13240,Dreamcast,8.9,Fighting,N,2000,6,19
6231.0,Okay,Teenage Mutant Ninja Turtles 2: Battle Nexus,/games/teenage-mutant-ninja-turtles-2-battle-nexus/xbox-682712,Xbox,6.0,Fighting,N,2004,10,19
6439.0,Okay,Teenage Mutant Ninja Turtles 2: Battle Nexus,/games/teenage-mutant-ninja-turtles-2-battle-nexus/pc-690316,PC,6.0,Fighting,N,2004,11,23
6232.0,Okay,Teenage Mutant Ninja Turtles 2: Battle Nexus,/games/teenage-mutant-ninja-turtles-2-battle-nexus/gcn-683127,GameCube,6.0,Fighting,N,2004,10,19
5514.0,Mediocre,Teenage Mutant Ninja Turtles [2003],/games/teenage-mutant-ninja-turtles-2003/pc-498325,PC,5.3,Fighting,N,2004,1,16
5199.0,Okay,Teenage Mutant Ninja Turtles [2003],/games/teenage-mutant-ninja-turtles-2003/gba-489431,Game Boy Advance,6.9,Fighting,N,2003,10,22
5223.0,Mediocre,Teenage Mutant Ninja Turtles [2003],/games/teenage-mutant-ninja-turtles-2003/ps2-489435,PlayStation 2,5.3,Fighting,N,2003,10,21
5217.0,Mediocre,Teenage Mutant Ninja Turtles [2003],/games/teenage-mutant-ninja-turtles-2003/xbox-566898,Xbox,5.3,Fighting,N,2003,10,21
5214.0,Mediocre,Teenage Mutant Ninja Turtles [2003],/games/teenage-mutant-ninja-turtles-2003/gcn-498318,GameCube,5.3,Fighting,N,2003,10,21
17923.0,Mediocre,Teenage Mutant Ninja Turtles: Danger of the Ooze,/games/teenage-mutant-ninja-turtles-danger-of-the-ooze/xbox-360-20024196,Xbox 360,5.0,Fighting,N,2014,11,5
13484.0,Good,Teenage Mutant Ninja Turtles: Smash-Up,/games/teenage-mutant-ninja-turtles-smash-up/wii-14305526,Wii,7.0,Fighting,N,2009,9,22
13443.0,Mediocre,Teenage Mutant Ninja Turtles: Turtles in Time Re-Shelled,/games/teenage-mutant-ninja-turtles-iv-turtles-in-time/ps3-14346226,PlayStation 3,5.9,Fighting,N,2009,9,11
13283.0,Mediocre,Teenage Mutant Ninja Turtles: Turtles in Time Re-Shelled,/games/teenage-mutant-ninja-turtles-iv-turtles-in-time/xbox-360-14346212,Xbox 360,5.9,Fighting,N,2009,8,5
593.0,Good,Tekken,/games/tekken/ps-182,PlayStation,7.5,Fighting,N,1996,11,26
8843.0,Okay,Tekken 2,/games/tekken-2/psp-867870,PlayStation Portable,6.2,Fighting,N,2007,1,29
509.0,Amazing,Tekken 2,/games/tekken-2/ps-475,PlayStation,9.0,Fighting,Y,1996,11,26
997.0,Amazing,Tekken 3,/games/tekken-3/ps-2294,PlayStation,9.3,Fighting,Y,1998,8,23
16582.0,Good,Tekken 3D: Prime Edition,/games/tekken-3d-prime-edition/3ds-110797,Nintendo 3DS,7.5,Fighting,N,2012,2,14
4089.0,Amazing,Tekken 4,/games/tekken-4/ps2-16600,PlayStation 2,9.0,Fighting,Y,2002,9,24
6610.0,Amazing,Tekken 5,/games/tekken-5/ps2-681191,PlayStation 2,9.3,Fighting,Y,2005,2,25
6611.0,Amazing,Tekken 5 (Ultimate Collectors Edition),/games/tekken-5/ps2-728074,PlayStation 2,9.3,Fighting,Y,2005,2,25
9046.0,Great,Tekken 5: Dark Resurrection,/games/tekken-5-dark-resurrection/ps3-868256,PlayStation 3,8.2,Fighting,N,2007,3,5
9677.0,Good,Tekken 5: Dark Resurrection Online,/games/tekken-5-dark-resurrection/ps3-943236,PlayStation 3,7.0,Fighting,N,2007,8,31
13612.0,Great,Tekken 6,/games/tekken-6/ps3-748466,PlayStation 3,8.8,Fighting,Y,2009,10,23
13890.0,Great,Tekken 6,/games/tekken-6/psp-14345009,PlayStation Portable,8.5,Fighting,Y,2009,11,26
13626.0,Great,Tekken 6,/games/tekken-6/xbox-360-14288369,Xbox 360,8.8,Fighting,Y,2009,10,23
16383.0,Great,Tekken Hybrid,/games/tekken-hybrid/ps3-110966,PlayStation 3,8.0,Fighting,N,2011,11,23
2595.0,Great,Tekken Tag Tournament,/games/tekken-tag-tournament/ps2-13946,PlayStation 2,8.7,Fighting,Y,2000,10,23
11.0,Good,Tekken Tag Tournament 2,/games/tekken-tag-tournament-2/xbox-360-124581,Xbox 360,7.5,Fighting,N,2012,9,11
10.0,Good,Tekken Tag Tournament 2,/games/tekken-tag-tournament-2/ps3-124584,PlayStation 3,7.5,Fighting,N,2012,9,11
346.0,Good,Tekken Tag Tournament 2: Wii U Edition,/games/tekken-tag-tournament-2/wii-u-110807,Wii U,7.5,Fighting,N,2012,11,21
8126.0,Amazing,Tekken: Dark Resurrection,/games/tekken-5-dark-resurrection/psp-804380,PlayStation Portable,9.2,Fighting,Y,2006,7,20
7320.0,Okay,The Con,/games/the-con/psp-683199,PlayStation Portable,6.2,Fighting,N,2005,10,25
15248.0,Awful,The Fight: Lights Out,/games/the-fight-lights-out/ps3-64975,PlayStation 3,3.0,Fighting,N,2010,10,31
8737.0,Mediocre,The Grim Adventures of Billy & Mandy,/games/the-grim-adventures-of-billy-mandy/gba-814768,Game Boy Advance,5.0,Fighting,N,2006,11,22
8639.0,Okay,The Grim Adventures of Billy & Mandy,/games/the-grim-adventures-of-billy-mandy/wii-851999,Wii,6.8,Fighting,N,2006,12,5
8418.0,Good,The Grim Adventures of Billy & Mandy,/games/the-grim-adventures-of-billy-mandy/ps2-814767,PlayStation 2,7.2,Fighting,N,2006,10,17
8387.0,Good,The Grim Adventures of Billy & Mandy,/games/the-grim-adventures-of-billy-mandy/pc-814766,PC,7.2,Fighting,N,2006,10,18
8406.0,Good,The Grim Adventures of Billy & Mandy,/games/the-grim-adventures-of-billy-mandy/gcn-827850,GameCube,7.2,Fighting,N,2006,10,17
10659.0,Great,The King of Fighters '94,/games/the-king-of-fighters-94/wii-14226737,Wii,8.0,Fighting,N,2008,2,20
456.0,Mediocre,The King of Fighters '95,/games/the-king-of-fighters-95/ps-2072,PlayStation,5.0,Fighting,N,1996,11,25
14819.0,Okay,The King of Fighters '95,/games/the-king-of-fighters-95/wii-71820,Wii,6.0,Fighting,N,2010,7,12
12616.0,Good,The King of Fighters '98 Ultimate Match,/games/the-king-of-fighters-98-ultimate-match/ps2-850336,PlayStation 2,7.8,Fighting,N,2009,3,6
13207.0,Good,The King of Fighters '98 Ultimate Match,/games/the-king-of-fighters-98-ultimate-match/xbox-360-14278150,Xbox 360,7.6,Fighting,N,2009,7,1
2923.0,Great,The King of Fighters '99: Evolution,/games/the-king-of-fighters-99-evolution/dc-15649,Dreamcast,8.5,Fighting,N,2000,12,13
7079.0,Good,The King of Fighters 02/03,/games/the-king-of-fighters-0203/xbox-680610,Xbox,7.0,Fighting,N,2005,8,24
4488.0,Good,The King of Fighters 2000,/games/the-king-of-fighters-2000/ps2-496350,PlayStation 2,7.4,Fighting,N,2002,12,2
5471.0,Good,The King of Fighters 2000/2001,/games/the-king-of-fighters-2000-and-2001/ps2-567901,PlayStation 2,7.8,Fighting,N,2003,12,11
11954.0,Okay,The King of Fighters Collection: The Orochi Saga,/games/the-king-of-fighters-collection-the-orochi-saga/psp-965616,PlayStation Portable,6.8,Fighting,N,2008,11,11
11973.0,Good,The King of Fighters Collection: The Orochi Saga,/games/the-king-of-fighters-collection-the-orochi-saga/ps2-740293,PlayStation 2,7.8,Fighting,N,2008,11,11
12137.0,Good,The King of Fighters Collection: The Orochi Saga,/games/the-king-of-fighters-97/wii-965617,Wii,7.4,Fighting,N,2008,12,9
5580.0,Great,The King of Fighters EX2: Howling Blood,/games/the-king-of-fighters-ex2-howling-blood/gba-490845,Game Boy Advance,8.0,Fighting,N,2004,2,23
4473.0,Great,The King of Fighters EX: Neoblood,/games/the-king-of-fighters-ex-neoblood/gba-16732,Game Boy Advance,8.0,Fighting,N,2002,12,5
5758.0,Good,The King of Fighters M,/games/the-king-of-fighters-m/cell-666608,Wireless,7.0,Fighting,N,2004,3,15
7937.0,Okay,The King of Fighters Neowave,/games/the-king-of-fighters-neowave/xbox-744213,Xbox,6.8,Fighting,N,2006,4,12
1448.0,Amazing,The King of Fighters R-2,/games/the-king-of-fighters-r-2/ngpc-11046,NeoGeo Pocket Color,9.0,Fighting,N,1999,7,19
10529.0,Great,The King of Fighters XI,/games/the-king-of-fighters-xi/ps2-819514,PlayStation 2,8.0,Fighting,N,2007,12,18
13276.0,Okay,The King of Fighters XII,/games/the-king-of-fighters-xii/ps3-14300071,PlayStation 3,6.0,Fighting,N,2009,7,29
13275.0,Okay,The King of Fighters XII,/games/the-king-of-fighters-xii/xbox-360-14300072,Xbox 360,6.0,Fighting,N,2009,7,29
16408.0,Good,The King of Fighters XIII,/games/the-king-of-fighters-xiii/ps3-62898,PlayStation 3,7.0,Fighting,N,2011,11,22
16386.0,Good,The King of Fighters XIII,/games/the-king-of-fighters-xiii/xbox-360-62901,Xbox 360,7.0,Fighting,N,2011,11,22
1648.0,Great,The King of Fighters: Dream Match 1999,/games/neogeo-online-collection-vol-7-the-king-of-fighters-nests-version/dc-11947,Dreamcast,8.4,Fighting,N,1999,10,25
6595.0,Good,The King of Fighters: Extreme,/games/the-king-of-fighters-extreme/nng-682883,N-Gage,7.2,Fighting,N,2005,2,5
6939.0,Good,The King of Fighters: Maximum Impact -- Maniax,/games/the-king-of-fighters-maximum-impact-maniax/xbox-734979,Xbox,7.8,Fighting,N,2005,7,7
16509.0,Great,The Simpsons: The Arcade Game,/games/the-simpsons-the-arcade-game/ps3-122272,PlayStation 3,8.0,Fighting,N,2012,2,7
16523.0,Great,The Simpsons: The Arcade Game,/games/the-simpsons-the-arcade-game/xbox-360-122273,Xbox 360,8.0,Fighting,N,2012,2,3
13422.0,Awful,The Warriors: Street Brawl,/games/the-warriors-street-brawl/xbox-360-779852,Xbox 360,3.3,Fighting,N,2009,9,28
445.0,Great,Tobal No. 1,/games/tobal-no-1/ps-743,PlayStation,8.7,Fighting,Y,1996,11,26
597.0,Great,Tobal No. 1,/games/tobal-no-1/ps-743,PlayStation,8.7,Fighting,Y,1996,11,26
2744.0,Okay,Tom and Jerry: Fists of Furry,/games/tom-and-jerry-fists-of-furry/n64-14154,Nintendo 64,6.8,Fighting,N,2000,11,14
14893.0,Bad,Toribash,/games/toribash/wii-14352752,Wii,4.0,Fighting,N,2010,7,23
14580.0,Mediocre,Tournament of Legends,/games/tournament-of-legends/wii-14350710,Wii,5.0,Fighting,N,2010,7,6
2252.0,Awful,Transformers: Beast Wars Transmetals,/games/transformers-beast-wars-transmetals/n64-14373,Nintendo 64,3.0,Fighting,N,2000,7,11
2279.0,Awful,Transformers: Beast Wars Transmetals,/games/transformers-beast-wars-transmetals/ps-15027,PlayStation,3.0,Fighting,N,2000,6,26
12931.0,Good,UFC Undisputed 2009,/games/ufc-undisputed-2009/xbox-360-876973,Xbox 360,7.6,Fighting,N,2009,5,19
12928.0,Good,UFC Undisputed 2009,/games/ufc-undisputed-2009/ps3-876981,PlayStation 3,7.6,Fighting,N,2009,5,19
14555.0,Good,UFC Undisputed 2010,/games/ufc-undisputed-2010/ps3-22735,PlayStation 3,7.8,Fighting,N,2010,5,25
14554.0,Good,UFC Undisputed 2010,/games/ufc-undisputed-2010/xbox-360-22736,Xbox 360,7.8,Fighting,N,2010,5,25
15022.0,Good,UFC Undisputed 2010,/games/ufc-undisputed-2010/psp-22734,PlayStation Portable,7.5,Fighting,N,2010,9,15
16491.0,Amazing,UFC Undisputed 3,/games/ufc-undisputed-3/ps3-82938,PlayStation 3,9.0,Fighting,Y,2012,2,9
16492.0,Amazing,UFC Undisputed 3,/games/ufc-undisputed-3/xbox-360-82941,Xbox 360,9.0,Fighting,Y,2012,2,9
3702.0,Great,UFC: Tapout,/games/ufc-tapout/xbox-16295,Xbox,8.3,Fighting,N,2002,2,21
4683.0,Good,UFC: Tapout 2,/games/ufc-tapout-2/xbox-482247,Xbox,7.1,Fighting,N,2003,3,18
3797.0,Good,UFC: Throwdown,/games/ufc-tapout-2/ps2-16442,PlayStation 2,7.4,Fighting,N,2002,6,5
4009.0,Okay,UFC: Throwdown,/games/ufc-tapout-2/gcn-479191,GameCube,6.7,Fighting,N,2002,7,30
2459.0,Amazing,Ultimate Fighting Championship,/games/ultimate-fighting-championship/dc-14160,Dreamcast,9.1,Fighting,Y,2000,8,29
2724.0,Good,Ultimate Fighting Championship,/games/ultimate-fighting-championship/ps-14665,PlayStation,7.7,Fighting,N,2000,11,9
2871.0,Awful,Ultimate Fighting Championship,/games/ultimate-fighting-championship/gbc-15369,Game Boy Color,3.0,Fighting,N,2000,12,11
16336.0,Great,Ultimate Marvel Vs. Capcom 3,/games/ultimate-marvel-vs-capcom-3/xbox-360-113704,Xbox 360,8.5,Fighting,N,2011,11,14
16335.0,Great,Ultimate Marvel Vs. Capcom 3,/games/ultimate-marvel-vs-capcom-3/ps3-113703,PlayStation 3,8.5,Fighting,N,2011,11,14
16608.0,Great,Ultimate Marvel Vs. Capcom 3,/games/ultimate-marvel-vs-capcom-3/vita-114995,PlayStation Vita,8.0,Fighting,N,2012,2,13
10242.0,Good,Ultimate Mortal Kombat,/games/ultimate-mortal-kombat/nds-881594,Nintendo DS,7.8,Fighting,N,2007,11,14
8546.0,Good,Ultimate Mortal Kombat 3,/games/ultimate-mortal-kombat-3/xbox-360-839903,Xbox 360,7.0,Fighting,N,2006,10,24
15435.0,Bad,Ultimate Mortal Kombat 3,/games/ultimate-mortal-kombat-3/iphone-95545,iPhone,4.5,Fighting,N,2010,12,18
12672.0,Good,Ultimate Ninja 4: Naruto Shippuden,/games/ultimate-ninja-4-naruto-shippuden/ps2-885023,PlayStation 2,7.0,Fighting,N,2009,3,27
17747.0,Amazing,Ultra Street Fighter IV,/games/ultra-street-fighter-4/xbox-360-20002351,Xbox 360,9.0,Fighting,Y,2014,6,3
8857.0,Painful,Urban Champion,/games/urban-champion/wii-864215,Wii,2.5,Fighting,N,2007,2,15
4364.0,Mediocre,Urban Champion-e,/games/urban-champion/gba-489713,Game Boy Advance,5.0,Fighting,N,2002,11,15
2539.0,Great,Vampire Chronicle For Matching Service,/games/darkstalkers-chronicle-the-chaos-tower/dc-14961,Dreamcast,8.2,Fighting,N,2000,9,12
5118.0,Amazing,Viewtiful Joe,/games/viewtiful-joe/gcn-495479,GameCube,9.5,Fighting,Y,2003,10,3
6322.0,Amazing,Viewtiful Joe 2,/games/viewtiful-joe-2/gcn-678429,GameCube,9.0,Fighting,Y,2004,11,11
6276.0,Amazing,Viewtiful Joe 2,/games/viewtiful-joe-2/ps2-678431,PlayStation 2,9.0,Fighting,Y,2004,11,11
7896.0,Okay,Viewtiful Joe: Red Hot Rumble,/games/viewtiful-joe-red-hot-rumble/psp-683104,PlayStation Portable,6.4,Fighting,N,2006,4,6
7380.0,Mediocre,Viewtiful Joe: Red Hot Rumble,/games/viewtiful-joe-red-hot-rumble/gcn-739857,GameCube,5.0,Fighting,N,2005,11,11
12082.0,Great,Virtua Fighter,/games/virtua-fighter/32x-5681,Sega 32X,8.0,Fighting,N,2008,11,24
9170.0,Awful,Virtua Fighter 2,/games/virtua-fighter-2/wii-895783,Wii,3.5,Fighting,N,2007,4,19
15336.0,Bad,Virtua Fighter 2,/games/virtua-fighter-2/iphone-98201,iPhone,4.0,Fighting,N,2011,1,21
1621.0,Great,Virtua Fighter 3tb,/games/virtua-fighter-3/dc-9976,Dreamcast,8.7,Fighting,N,1999,10,1
3774.0,Amazing,Virtua Fighter 4,/games/virtua-fighter-4/ps2-15984,PlayStation 2,9.3,Fighting,Y,2002,3,19
4974.0,Amazing,Virtua Fighter 4: Evolution,/games/virtua-fighter-4/ps2-497456,PlayStation 2,9.5,Fighting,Y,2003,8,8
8970.0,Great,Virtua Fighter 5,/games/virtua-fighter-5/ps3-641054,PlayStation 3,8.8,Fighting,Y,2007,2,20
16772.0,Great,Virtua Fighter 5 Final Showdown,/games/virtua-fighter-5/xbox-360-116285,Xbox 360,8.5,Fighting,N,2012,6,25
16768.0,Great,Virtua Fighter 5 Final Showdown,/games/virtua-fighter-5/ps3-116283,PlayStation 3,8.5,Fighting,N,2012,6,25
16766.0,Great,Virtua Fighter 5 Final Showdown,/games/virtua-fighter-5/arcade-62352,Arcade,8.5,Fighting,N,2012,6,25
10058.0,Amazing,Virtua Fighter 5 Online,/games/virtua-fighter-5/xbox-360-748774,Xbox 360,9.0,Fighting,Y,2007,10,30
6516.0,Okay,Virtua Quest,/games/virtua-quest/ps2-616945,PlayStation 2,6.6,Fighting,N,2005,1,5
6517.0,Okay,Virtua Quest,/games/virtua-quest/gcn-480304,GameCube,6.6,Fighting,N,2005,1,5
736.0,Bad,Vs.,/games/vs/ps-2130,PlayStation,4.0,Fighting,N,1997,12,2
605.0,Bad,War Gods,/games/war-gods/n64-463,Nintendo 64,4.3,Fighting,N,1997,5,29
608.0,Bad,War Gods,/games/war-gods/ps-268,PlayStation,4.0,Fighting,N,1997,5,23
4540.0,Great,War of the Monsters,/games/war-of-the-monsters-138588/ps2-482067,PlayStation 2,8.9,Fighting,Y,2003,1,9
1709.0,Mediocre,Warpath: Jurassic Park,/games/warpath-jurassic-park/ps-11493,PlayStation,5.5,Fighting,N,1999,11,18
232.0,Okay,When Vikings Attack,/games/when-vikings-attack/ps3-135043,PlayStation 3,6.5,Fighting,N,2012,11,9
233.0,Okay,When Vikings Attack,/games/when-vikings-attack/vita-135040,PlayStation Vita,6.5,Fighting,N,2012,11,9
9905.0,Okay,World Heroes,/games/world-heroes/wii-963200,Wii,6.0,Fighting,N,2007,10,9
10777.0,Mediocre,World Heroes Anthology,/games/world-heroes-anthology/ps2-14216931,PlayStation 2,5.3,Fighting,N,2008,3,17
1787.0,Great,Wu-Tang: Shaolin Style,/games/wu-tang-shaolin-style-139728/ps-11695,PlayStation,8.0,Fighting,N,1999,11,30
5001.0,Good,X-Men 2: Battle,/games/x-men-2-battle/cell-572390,Wireless,7.0,Fighting,N,2003,8,5
803.0,Okay,X-Men vs. Street Fighter,/games/x-men-vs-street-fighter/ps-39,PlayStation,6.0,Fighting,N,1998,6,11
756.0,Awful,X-Men: Children of the Atom,/games/x-men-children-of-the-atom/ps-2331,PlayStation,3.5,Fighting,N,1998,3,3
2403.0,Awful,X-Men: Mutant Academy,/games/x-men-mutant-academy/gbc-13525,Game Boy Color,3.0,Fighting,N,2000,7,12
2398.0,Great,X-Men: Mutant Academy,/games/x-men-mutant-academy/ps-14171,PlayStation,8.0,Fighting,N,2000,7,14
3321.0,Great,X-Men: Mutant Academy 2,/games/x-men-mutant-academy-2/ps-16291,PlayStation,8.3,Fighting,N,2001,10,1
4160.0,Good,X-Men: Next Dimension,/games/x-men-next-dimension/ps2-17383,PlayStation 2,7.2,Fighting,N,2002,10,21
4298.0,Good,X-Men: Next Dimension,/games/x-men-next-dimension/gcn-477805,GameCube,7.0,Fighting,N,2002,10,23
1798.0,Good,Xena: Warrior Princess -- The Talisman of Fate,/games/xena-warrior-princess-the-talisman-of-fate/n64-10189,Nintendo 64,7.4,Fighting,N,1999,12,7
9566.0,Bad,Yie Ar Kung Fu,/games/yie-ar-kung-fu/xbox-360-856462,Xbox 360,4.0,Fighting,N,2007,7,23
10984.0,Bad,Yie Ar Kung Fu,/games/yie-ar-kung-fu/cell-14251282,Wireless,4.0,Fighting,N,2008,5,1
6172.0,Mediocre,Yu Yu Hakusho: Dark Tournament,/games/yu-yu-hakusho-dark-tournament/ps2-567905,PlayStation 2,5.9,Fighting,N,2004,10,7
8459.0,Awful,Zatch Bell! Mamodo Fury,/games/zatch-bell-mamodo-fury/ps2-789939,PlayStation 2,3.0,Fighting,N,2006,11,8
7221.0,Mediocre,Zatch Bell!: Mamodo Battles,/games/zatch-bell-mamodo-battles/ps2-733174,PlayStation 2,5.0,Fighting,N,2005,10,10
479.0,Mediocre,Zero Divide,/games/zero-divide/ps-193,PlayStation,5.0,Fighting,N,1996,11,26
